project_id,n_tasks,n_employees,n_dependencies,det_duration_days,p10,p50,p90,schedule_risk_ratio,det_vs_p50_delta,critical_path_tasks,avg_employee_efficiency,mc_success,error_msg
synth_1,7,13,5,76,65,75,87,0.16,-1,3,0.9951,True,
synth_2,25,4,10,120,97,113,126,0.115,-7,3,1.065,True,
synth_3,8,3,3,57,54,58,61,0.0517,1,2,0.9075,True,
synth_4,15,6,8,67,64,71,80,0.1268,4,2,1.0112,True,
synth_5,29,10,15,97,88,99,109,0.101,2,3,0.98,True,
synth_6,14,5,15,162,150,162,174,0.0741,0,5,0.8657,True,
synth_7,8,5,6,65,57,65,73,0.1231,0,2,0.916,True,
synth_8,8,13,4,71,62,70,78,0.1143,-1,2,1.0745,True,
synth_9,28,11,5,79,68,79,89,0.1266,0,3,0.9922,True,
synth_10,25,14,10,94,79,88,98,0.1136,-6,3,0.9292,True,
synth_11,20,14,5,75,65,73,82,0.1233,-2,3,0.9633,True,
synth_12,23,11,9,99,88,98,108,0.102,-1,4,0.9027,True,
synth_13,9,10,4,55,43,53,63,0.1887,-2,3,0.9858,True,
synth_14,14,6,6,103,95,107,120,0.1215,4,4,1.0722,True,
synth_15,19,6,6,67,64,72,80,0.1111,5,2,0.9815,True,
synth_16,21,10,14,140,121,134,146,0.0896,-6,4,1.0208,True,
synth_17,6,7,6,64,54,62,67,0.0806,-2,3,0.954,True,
synth_18,25,12,10,66,57,67,80,0.194,1,4,1.0214,True,
synth_19,7,13,6,82,74,80,85,0.0625,-2,3,0.9402,True,
synth_20,13,12,6,53,48,53,59,0.1132,0,2,0.9949,True,
synth_21,27,3,29,148,139,151,164,0.0861,3,5,0.8683,True,
synth_22,14,9,9,110,94,105,114,0.0857,-5,4,1.0078,True,
synth_23,24,13,17,94,86,93,99,0.0645,-1,3,0.9783,True,
synth_24,30,14,17,94,87,95,103,0.0842,1,3,1.0195,True,
synth_25,30,9,3,71,62,70,77,0.1,-1,2,0.9606,True,
synth_26,27,8,31,155,138,153,167,0.0915,-2,6,0.9924,True,
synth_27,27,15,22,144,135,146,157,0.0753,2,5,1.0277,True,
synth_28,29,4,5,102,88,97,106,0.0928,-5,3,1.2842,True,
synth_29,10,3,7,128,111,123,135,0.0976,-5,4,1.0456,True,
synth_30,20,6,3,124,101,118,130,0.1017,-6,3,1.0746,True,
synth_31,18,12,20,152,128,143,156,0.0909,-9,5,1.1014,True,
synth_32,13,7,8,163,133,151,167,0.106,-12,6,0.9771,True,
synth_33,21,12,3,77,58,72,82,0.1389,-5,2,0.9662,True,
synth_34,18,8,18,110,97,109,119,0.0917,-1,4,1.0849,True,
synth_35,28,6,7,69,65,71,78,0.0986,2,1,0.9642,True,
synth_36,24,5,16,138,118,135,148,0.0963,-3,5,1.0123,True,
synth_37,23,7,3,74,66,72,77,0.0694,-2,2,0.9692,True,
synth_38,19,4,22,106,94,106,120,0.1321,0,3,0.9,True,
synth_39,21,14,7,65,57,64,71,0.1094,-1,3,0.9586,True,
synth_40,19,3,12,124,109,120,131,0.0917,-4,5,1.1233,True,
synth_41,9,9,3,57,54,59,65,0.1017,2,2,1.0297,True,
synth_42,6,10,5,92,85,93,101,0.086,1,3,1.0815,True,
synth_43,6,3,4,73,64,73,80,0.0959,0,2,0.8442,True,
synth_44,23,3,9,78,72,77,82,0.0649,-1,3,1.0531,True,
synth_45,27,3,15,125,109,123,135,0.0976,-2,3,1.0658,True,
synth_46,29,12,20,183,161,179,196,0.095,-4,6,0.8301,True,
synth_47,11,9,5,65,51,61,70,0.1475,-4,2,0.9754,True,
synth_48,20,3,5,82,69,80,88,0.1,-2,3,1.0533,True,
synth_49,12,15,6,103,87,98,106,0.0816,-5,3,0.9632,True,
synth_50,15,11,9,86,67,79,90,0.1392,-7,4,0.9381,True,
synth_51,26,3,34,147,132,143,153,0.0699,-4,4,1.0286,True,
synth_52,7,12,3,43,40,46,53,0.1522,3,2,1.0499,True,
synth_53,15,3,9,77,67,76,83,0.0921,-1,2,1.0367,True,
synth_54,14,6,11,75,73,81,96,0.1852,6,2,1.1242,True,
synth_55,23,15,21,105,90,102,113,0.1078,-3,4,1.0223,True,
synth_56,27,7,4,52,48,53,57,0.0755,1,1,0.9557,True,
synth_57,21,14,17,78,71,79,90,0.1392,1,3,1.0084,True,
synth_58,16,8,8,109,92,107,121,0.1308,-2,4,1.1306,True,
synth_59,9,6,4,89,74,88,104,0.1818,-1,3,0.989,True,
synth_60,22,11,4,62,54,62,70,0.129,0,2,0.9901,True,
synth_61,6,3,7,124,104,121,138,0.1405,-3,4,0.9783,True,
synth_62,17,13,19,84,73,84,97,0.1548,0,3,0.9937,True,
synth_63,10,11,3,72,64,72,79,0.0972,0,2,0.9882,True,
synth_64,10,14,4,46,42,48,56,0.1667,2,2,1.0487,True,
synth_65,12,5,8,84,74,80,87,0.0875,-4,4,0.9435,True,
synth_66,19,13,5,74,65,73,81,0.1096,-1,3,0.9155,True,
synth_67,12,11,4,44,42,45,50,0.1111,1,2,1.0464,True,
synth_68,15,10,15,146,128,142,155,0.0915,-4,6,1.0123,True,
synth_69,27,5,12,74,68,74,81,0.0946,0,2,1.0672,True,
synth_70,11,12,6,85,70,81,90,0.1111,-4,3,0.9589,True,
synth_71,8,4,6,52,48,54,64,0.1852,2,2,1.0219,True,
synth_72,24,4,10,84,76,83,91,0.0964,-1,3,1.1919,True,
synth_73,25,13,21,101,90,97,105,0.0825,-4,3,0.9678,True,
synth_74,7,9,3,93,80,90,97,0.0778,-3,3,0.9214,True,
synth_75,7,12,5,73,65,72,77,0.0694,-1,3,0.9717,True,
synth_76,28,10,4,94,85,95,107,0.1263,1,3,1.0411,True,
synth_77,11,8,8,97,87,99,111,0.1212,2,4,1.0684,True,
synth_78,19,11,11,66,64,70,76,0.0857,4,3,0.9895,True,
synth_79,15,9,8,58,51,60,73,0.2167,2,2,0.9529,True,
synth_80,29,5,33,115,103,114,123,0.0789,-1,4,0.9478,True,
synth_81,27,11,13,108,92,106,121,0.1415,-2,4,1.0105,True,
synth_82,9,15,3,58,41,54,66,0.2222,-4,2,1.0834,True,
synth_83,12,9,10,90,84,96,114,0.1875,6,4,0.911,True,
synth_84,8,5,9,104,90,104,114,0.0962,0,4,1.066,True,
synth_85,29,7,27,180,157,173,188,0.0867,-7,6,1.0607,True,
synth_86,7,10,6,74,65,72,82,0.1389,-2,3,1.0152,True,
synth_87,24,6,8,67,63,69,76,0.1014,2,2,1.03,True,
synth_88,24,11,11,131,117,129,143,0.1085,-2,4,1.1192,True,
synth_89,25,13,14,72,64,71,79,0.1127,-1,3,0.9282,True,
synth_90,10,4,10,119,103,117,129,0.1026,-2,4,0.9275,True,
synth_91,10,7,4,59,46,57,66,0.1579,-2,2,1.0346,True,
synth_92,5,9,3,67,58,67,76,0.1343,0,3,0.9644,True,
synth_93,26,10,4,81,66,78,91,0.1667,-3,3,1.0436,True,
synth_94,14,7,12,118,110,118,125,0.0593,0,3,0.9336,True,
synth_95,26,10,15,137,123,135,145,0.0741,-2,3,1.0387,True,
synth_96,18,11,13,111,94,106,118,0.1132,-5,4,1.0163,True,
synth_97,11,4,3,59,48,57,66,0.1579,-2,2,1.0971,True,
synth_98,14,6,7,54,50,54,58,0.0741,0,2,1.0731,True,
synth_99,20,6,3,45,43,49,55,0.1224,4,2,1.0972,True,
synth_100,11,14,5,75,59,70,79,0.1286,-5,3,0.9537,True,
synth_101,13,14,6,61,55,61,68,0.1148,0,3,1.0113,True,
synth_102,24,10,11,102,93,102,112,0.098,0,4,0.9631,True,
synth_103,6,10,4,73,63,74,89,0.2027,1,3,0.9468,True,
synth_104,16,12,10,70,68,75,83,0.1067,5,2,1.0234,True,
synth_105,27,11,22,104,87,100,110,0.1,-4,4,0.9369,True,
synth_106,25,14,6,89,73,85,97,0.1412,-4,3,0.9995,True,
synth_107,18,9,9,99,85,97,109,0.1237,-2,3,1.0693,True,
synth_108,17,14,8,63,52,59,67,0.1356,-4,2,1.0532,True,
synth_109,23,15,17,76,75,80,88,0.1,4,3,1.0169,True,
synth_110,30,5,8,85,76,86,98,0.1395,1,3,0.977,True,
synth_111,11,13,5,94,78,90,100,0.1111,-4,3,0.9895,True,
synth_112,22,10,9,95,78,90,101,0.1222,-5,3,1.0197,True,
synth_113,28,15,21,84,77,84,90,0.0714,0,3,1.0131,True,
synth_114,17,9,13,95,79,89,99,0.1124,-6,4,0.9521,True,
synth_115,5,10,4,70,68,73,79,0.0822,3,3,0.9106,True,
synth_116,21,10,10,81,68,79,92,0.1646,-2,3,0.9431,True,
synth_117,7,13,3,53,53,60,69,0.15,7,2,0.9951,True,
synth_118,9,6,3,37,32,37,40,0.0811,0,1,0.889,True,
synth_119,9,12,5,104,88,100,110,0.1,-4,3,0.94,True,
synth_120,10,7,7,75,54,70,85,0.2143,-5,3,0.9858,True,
synth_121,22,9,6,98,82,93,102,0.0968,-5,3,0.9952,True,
synth_122,26,11,4,76,62,73,81,0.1096,-3,2,1.0221,True,
synth_123,25,8,5,58,49,57,66,0.1579,-1,2,0.9754,True,
synth_124,15,12,7,90,73,86,96,0.1163,-4,3,1.0035,True,
synth_125,9,7,11,121,106,119,131,0.1008,-2,5,1.1573,True,
synth_126,10,7,4,113,82,101,117,0.1584,-12,3,1.0467,True,
synth_127,24,15,22,123,102,120,135,0.125,-3,6,1.0126,True,
synth_128,30,10,6,108,100,107,114,0.0654,-1,3,0.9878,True,
synth_129,16,15,6,59,53,61,70,0.1475,2,2,1.0636,True,
synth_130,23,14,4,59,51,57,65,0.1404,-2,2,1.0065,True,
synth_131,24,4,6,94,85,94,101,0.0745,0,3,1.0321,True,
synth_132,15,6,8,71,66,72,78,0.0833,1,3,0.9143,True,
synth_133,18,8,7,139,127,138,150,0.087,-1,4,1.0981,True,
synth_134,10,8,6,65,61,65,68,0.0462,0,2,1.0613,True,
synth_135,30,7,3,57,44,54,65,0.2037,-3,2,1.109,True,
synth_136,29,9,39,145,133,150,167,0.1133,5,5,1.0453,True,
synth_137,27,12,13,116,91,108,121,0.1204,-8,4,0.8878,True,
synth_138,5,3,3,66,55,64,70,0.0938,-2,2,1.0122,True,
synth_139,27,12,15,77,71,80,91,0.1375,3,3,1.0308,True,
synth_140,17,3,16,139,121,134,145,0.0821,-5,4,0.9908,True,
synth_141,13,5,10,104,96,102,107,0.049,-2,4,1.0897,True,
synth_142,6,10,4,75,62,71,77,0.0845,-4,3,1.0633,True,
synth_143,17,6,17,87,77,90,105,0.1667,3,4,1.0644,True,
synth_144,21,10,13,96,90,98,108,0.102,2,3,0.8915,True,
synth_145,8,12,5,37,34,38,45,0.1842,1,3,0.9304,True,
synth_146,11,6,4,72,60,75,90,0.2,3,3,0.9332,True,
synth_147,9,11,6,57,52,57,64,0.1228,0,3,0.9673,True,
synth_148,28,9,8,85,70,79,89,0.1266,-6,3,1.0198,True,
synth_149,23,14,14,130,111,125,136,0.088,-5,4,0.9413,True,
synth_150,10,10,8,71,64,70,77,0.1,-1,3,1.0585,True,
synth_151,15,6,4,64,59,68,77,0.1324,4,2,1.0271,True,
synth_152,5,10,3,34,31,39,49,0.2564,5,2,0.961,True,
synth_153,25,9,6,53,48,56,65,0.1607,3,2,1.0072,True,
synth_154,14,3,5,78,69,76,84,0.1053,-2,2,0.8692,True,
synth_155,16,7,12,122,100,115,129,0.1217,-7,4,1.0488,True,
synth_156,28,13,23,107,91,103,114,0.1068,-4,4,1.0627,True,
synth_157,9,3,12,111,108,115,123,0.0696,4,4,1.1383,True,
synth_158,5,14,4,66,50,62,73,0.1774,-4,3,1.0215,True,
synth_159,6,13,6,61,49,58,66,0.1379,-3,2,1.0006,True,
synth_160,12,14,9,104,92,103,113,0.0971,-1,3,0.9585,True,
synth_161,22,12,16,101,95,103,110,0.068,2,5,0.995,True,
synth_162,7,4,6,80,67,82,97,0.1829,2,4,1.0294,True,
synth_163,10,15,4,94,83,92,100,0.087,-2,3,1.0305,True,
synth_164,15,6,3,42,40,43,48,0.1163,1,2,0.9907,True,
synth_165,5,8,5,99,82,94,105,0.117,-5,4,0.9986,True,
synth_166,23,4,32,212,198,213,229,0.0751,1,8,0.9956,True,
synth_167,5,6,4,59,56,63,71,0.127,4,3,1.0269,True,
synth_168,21,13,16,108,97,107,117,0.0935,-1,4,1.049,True,
synth_169,25,6,11,96,78,91,102,0.1209,-5,3,1.0046,True,
synth_170,5,13,3,61,50,61,71,0.1639,0,2,0.969,True,
synth_171,7,3,7,98,77,91,101,0.1099,-7,3,0.75,True,
synth_172,20,14,10,116,104,117,128,0.094,1,4,0.9548,True,
synth_173,17,3,12,132,116,131,144,0.0992,-1,4,1.1744,True,
synth_174,18,9,13,105,98,108,118,0.0926,3,4,1.0145,True,
synth_175,7,10,5,71,59,69,78,0.1304,-2,4,0.9209,True,
synth_176,14,9,10,92,78,87,96,0.1034,-5,3,0.9262,True,
synth_177,22,5,13,87,85,90,97,0.0778,3,3,0.923,True,
synth_178,25,12,5,57,53,59,67,0.1356,2,2,1.034,True,
synth_179,13,7,3,59,48,58,69,0.1897,-1,2,0.9396,True,
synth_180,6,15,4,55,47,56,66,0.1786,1,2,1.0312,True,
synth_181,10,13,8,100,82,98,110,0.1224,-2,3,0.9767,True,
synth_182,15,14,19,132,120,134,147,0.097,2,6,0.9963,True,
synth_183,7,4,7,109,96,109,124,0.1376,0,3,0.9181,True,
synth_184,15,13,7,81,70,77,84,0.0909,-4,2,1.0301,True,
synth_185,28,12,11,102,95,103,111,0.0777,1,4,1.1045,True,
synth_186,29,9,34,161,141,155,169,0.0903,-6,6,1.103,True,
synth_187,11,6,4,85,74,84,93,0.1071,-1,4,1.0554,True,
synth_188,26,10,13,133,104,122,138,0.1311,-11,4,0.9173,True,
synth_189,23,13,7,80,69,81,94,0.1605,1,3,0.9707,True,
synth_190,25,3,16,96,92,100,111,0.11,4,3,0.8139,True,
synth_191,12,3,10,90,86,92,99,0.0761,2,4,1.0181,True,
synth_192,27,10,27,120,108,119,131,0.1008,-1,5,1.0495,True,
synth_193,25,6,25,144,127,137,149,0.0876,-7,5,1.01,True,
synth_194,24,12,20,106,96,105,114,0.0857,-1,5,1.0715,True,
synth_195,17,8,11,83,76,81,86,0.0617,-2,3,1.0514,True,
synth_196,19,4,16,119,106,121,136,0.124,2,4,1.0112,True,
synth_197,23,3,19,154,145,160,176,0.1,6,5,0.7322,True,
synth_198,24,6,11,96,91,98,106,0.0816,2,3,0.9829,True,
synth_199,23,14,12,129,125,137,151,0.1022,8,5,0.9909,True,
synth_200,15,10,10,106,98,104,109,0.0481,-2,4,0.9594,True,
synth_201,26,12,5,68,64,70,76,0.0857,2,2,1.0507,True,
synth_202,26,7,3,51,48,55,65,0.1818,4,2,0.933,True,
synth_203,7,8,3,78,69,77,84,0.0909,-1,3,1.0655,True,
synth_204,28,8,25,102,98,107,117,0.0935,5,4,0.9783,True,
synth_205,19,14,10,93,86,92,97,0.0543,-1,4,0.9571,True,
synth_206,9,5,9,112,105,115,126,0.0957,3,4,0.9745,True,
synth_207,9,14,3,91,75,87,96,0.1034,-4,3,1.0533,True,
synth_208,25,4,9,79,70,76,81,0.0658,-3,2,0.9858,True,
synth_209,27,14,10,68,60,68,76,0.1176,0,3,1.0341,True,
synth_210,22,4,23,144,129,139,148,0.0647,-5,5,1.0625,True,
synth_211,18,9,21,148,132,143,153,0.0699,-5,5,0.9318,True,
synth_212,17,15,3,71,65,70,74,0.0571,-1,2,1.0137,True,
synth_213,20,3,11,100,85,95,108,0.1368,-5,3,1.0442,True,
synth_214,13,6,3,77,69,75,82,0.0933,-2,3,1.1217,True,
synth_215,24,6,7,89,68,82,95,0.1585,-7,3,0.9157,True,
synth_216,10,11,4,53,45,52,64,0.2308,-1,2,1.0055,True,
synth_217,29,7,9,80,70,78,86,0.1026,-2,4,0.9914,True,
synth_218,30,12,16,93,84,93,98,0.0538,0,3,1.0161,True,
synth_219,10,5,6,171,160,168,176,0.0476,-3,5,1.006,True,
synth_220,21,6,8,88,78,85,92,0.0824,-3,3,0.9794,True,
synth_221,10,10,3,67,64,68,72,0.0588,1,2,1.0393,True,
synth_222,11,13,4,78,61,71,80,0.1268,-7,3,0.9152,True,
synth_223,26,13,4,53,43,50,59,0.18,-3,2,0.9407,True,
synth_224,10,4,13,85,64,77,89,0.1558,-8,3,1.0156,True,
synth_225,17,13,5,57,54,59,64,0.0847,2,3,1.0414,True,
synth_226,29,4,27,184,163,186,212,0.1398,2,5,1.0469,True,
synth_227,15,9,14,80,74,82,90,0.0976,2,3,0.9152,True,
synth_228,18,12,7,65,56,65,74,0.1385,0,2,0.9608,True,
synth_229,21,7,4,84,72,82,91,0.1098,-2,2,0.9355,True,
synth_230,9,3,6,94,85,98,108,0.102,4,3,1.0742,True,
synth_231,30,8,13,122,110,123,134,0.0894,1,4,1.0389,True,
synth_232,29,15,25,140,120,136,152,0.1176,-4,5,1.0411,True,
synth_233,23,4,6,86,79,86,94,0.093,0,2,0.8812,True,
synth_234,15,5,6,87,78,90,102,0.1333,3,3,0.948,True,
synth_235,17,14,3,67,60,69,75,0.087,2,2,1.011,True,
synth_236,8,14,9,86,77,85,93,0.0941,-1,4,0.984,True,
synth_237,13,10,3,71,63,69,75,0.087,-2,2,1.0748,True,
synth_238,13,14,12,106,94,106,119,0.1226,0,4,1.032,True,
synth_239,16,7,6,126,112,125,139,0.112,-1,4,1.0575,True,
synth_240,19,4,11,107,93,102,111,0.0882,-5,4,0.9515,True,
synth_241,26,12,11,119,95,113,127,0.1239,-6,4,0.9972,True,
synth_242,24,5,17,99,85,99,111,0.1212,0,4,1.0782,True,
synth_243,30,4,29,187,162,181,200,0.105,-6,5,1.1025,True,
synth_244,19,10,13,123,103,116,126,0.0862,-7,4,1.1133,True,
synth_245,26,10,26,126,116,127,138,0.0866,1,4,0.9851,True,
synth_246,5,15,3,40,35,40,45,0.125,0,2,0.9926,True,
synth_247,9,7,5,61,54,61,68,0.1148,0,2,1.0546,True,
synth_248,16,12,4,65,55,65,72,0.1077,0,2,0.9978,True,
synth_249,8,11,3,80,62,76,85,0.1184,-4,3,0.9501,True,
synth_250,13,14,8,76,70,75,80,0.0667,-1,3,1.0499,True,
synth_251,22,12,24,93,85,95,105,0.1053,2,4,0.9694,True,
synth_252,21,13,18,120,100,117,132,0.1282,-3,4,1.0311,True,
synth_253,11,6,4,73,63,72,81,0.125,-1,2,0.9907,True,
synth_254,26,13,22,117,108,116,127,0.0948,-1,4,0.949,True,
synth_255,5,6,6,111,86,104,118,0.1346,-7,4,1.0635,True,
synth_256,6,12,7,143,119,134,147,0.097,-9,5,0.9583,True,
synth_257,11,4,10,105,89,102,112,0.098,-3,3,1.1021,True,
synth_258,9,9,8,67,59,68,78,0.1471,1,3,0.9656,True,
synth_259,11,13,4,57,50,57,67,0.1754,0,3,1.0094,True,
synth_260,22,12,20,110,99,111,126,0.1351,1,4,1.0115,True,
synth_261,11,10,7,74,62,71,80,0.1268,-3,3,0.9899,True,
synth_262,27,4,23,138,122,135,147,0.0889,-3,5,1.0131,True,
synth_263,30,9,17,91,74,87,99,0.1379,-4,3,1.0378,True,
synth_264,19,10,13,89,78,86,93,0.0814,-3,3,0.9876,True,
synth_265,15,4,11,128,111,126,141,0.119,-2,4,0.9706,True,
synth_266,27,10,4,58,51,59,66,0.1186,1,3,0.9277,True,
synth_267,6,12,3,75,63,74,86,0.1622,-1,3,0.9564,True,
synth_268,17,8,19,169,158,171,184,0.076,2,6,0.9548,True,
synth_269,20,12,21,100,86,96,106,0.1042,-4,3,0.9612,True,
synth_270,8,8,3,68,57,66,78,0.1818,-2,3,1.0032,True,
synth_271,16,5,5,65,59,68,78,0.1471,3,2,1.0942,True,
synth_272,27,11,16,123,112,120,128,0.0667,-3,4,1.061,True,
synth_273,10,14,8,64,59,67,79,0.1791,3,4,0.9606,True,
synth_274,30,9,6,59,57,61,66,0.082,2,3,0.9855,True,
synth_275,27,9,11,99,93,100,108,0.08,1,3,0.9895,True,
synth_276,20,10,8,82,75,82,91,0.1098,0,2,1.0659,True,
synth_277,20,5,14,113,98,111,125,0.1261,-2,4,0.9693,True,
synth_278,24,6,17,124,114,123,132,0.0732,-1,4,1.035,True,
synth_279,22,6,3,84,75,83,92,0.1084,-1,3,1.0419,True,
synth_280,9,7,6,71,66,72,78,0.0833,1,3,1.0252,True,
synth_281,16,7,9,73,65,72,77,0.0694,-1,2,0.9704,True,
synth_282,11,6,9,67,62,67,72,0.0746,0,2,1.0143,True,
synth_283,17,10,9,85,72,82,91,0.1098,-3,3,1.019,True,
synth_284,17,3,5,78,73,79,85,0.0759,1,2,0.985,True,
synth_285,28,8,19,99,83,92,102,0.1087,-7,3,1.0086,True,
synth_286,18,13,4,49,44,52,58,0.1154,3,2,0.9456,True,
synth_287,8,14,6,95,78,91,102,0.1209,-4,3,1.0508,True,
synth_288,18,15,15,145,122,139,154,0.1079,-6,6,1.0071,True,
synth_289,26,5,9,82,78,86,95,0.1047,4,3,1.0595,True,
synth_290,18,8,12,125,110,124,138,0.1129,-1,4,1.0622,True,
synth_291,9,13,6,92,78,89,99,0.1124,-3,4,1.0155,True,
synth_292,18,6,5,75,60,72,81,0.125,-3,3,0.9397,True,
synth_293,6,3,7,84,67,82,96,0.1707,-2,3,0.9758,True,
synth_294,15,14,10,108,93,103,113,0.0971,-5,4,0.9603,True,
synth_295,9,12,3,57,46,54,62,0.1481,-3,2,1.0747,True,
synth_296,15,6,9,78,73,80,87,0.0875,2,3,0.9467,True,
synth_297,29,15,22,142,122,136,147,0.0809,-6,4,1.0129,True,
synth_298,9,11,3,66,53,63,72,0.1429,-3,2,0.9919,True,
synth_299,13,6,3,66,56,63,69,0.0952,-3,2,0.9789,True,
synth_300,30,15,21,115,105,114,125,0.0965,-1,5,0.9656,True,
synth_301,25,15,9,65,61,68,77,0.1324,3,3,0.9576,True,
synth_302,17,6,7,115,104,112,121,0.0804,-3,4,0.9962,True,
synth_303,28,10,23,127,107,124,139,0.121,-3,5,1.0148,True,
synth_304,23,10,19,87,81,89,98,0.1011,2,3,1.0332,True,
synth_305,6,11,5,88,77,85,90,0.0588,-3,3,1.0123,True,
synth_306,28,15,5,49,45,52,65,0.25,3,2,1.0409,True,
synth_307,10,3,8,107,99,108,116,0.0741,1,3,1.1,True,
synth_308,22,12,11,91,80,88,95,0.0795,-3,3,1.0156,True,
synth_309,29,6,14,103,86,98,110,0.1224,-5,3,0.9683,True,
synth_310,22,13,3,60,53,60,69,0.15,0,2,0.9493,True,
synth_311,12,5,6,95,86,94,104,0.1064,-1,3,0.9713,True,
synth_312,9,11,7,86,75,87,101,0.1609,1,3,1.0398,True,
synth_313,8,13,6,93,71,84,97,0.1548,-9,3,1.0322,True,
synth_314,6,10,7,91,80,87,93,0.069,-4,3,0.9699,True,
synth_315,26,4,8,94,83,94,102,0.0851,0,2,0.8013,True,
synth_316,23,8,8,79,73,78,85,0.0897,-1,3,1.0281,True,
synth_317,13,14,11,96,87,95,102,0.0737,-1,3,1.0043,True,
synth_318,20,3,13,181,147,168,186,0.1071,-13,6,0.9806,True,
synth_319,16,15,10,73,63,72,81,0.125,-1,3,0.9166,True,
synth_320,20,9,7,74,71,77,84,0.0909,3,3,1.0774,True,
synth_321,10,10,6,72,61,70,78,0.1143,-2,2,0.944,True,
synth_322,28,14,17,87,79,86,96,0.1163,-1,4,1.0236,True,
synth_323,12,3,12,134,115,129,142,0.1008,-5,4,0.78,True,
synth_324,24,3,11,140,120,134,146,0.0896,-6,4,0.94,True,
synth_325,11,6,8,76,70,78,84,0.0769,2,3,0.969,True,
synth_326,17,6,7,81,67,79,91,0.1519,-2,3,0.9629,True,
synth_327,14,15,5,81,67,77,85,0.1039,-4,3,1.0042,True,
synth_328,19,15,7,61,52,64,76,0.1875,3,3,1.0266,True,
synth_329,14,8,16,95,81,92,103,0.1196,-3,5,0.9308,True,
synth_330,15,14,6,70,60,67,73,0.0896,-3,2,0.9701,True,
synth_331,25,6,19,103,90,103,113,0.0971,0,3,1.2275,True,
synth_332,16,4,13,135,120,132,143,0.0833,-3,4,0.9821,True,
synth_333,24,14,11,91,81,92,103,0.1196,1,5,1.0358,True,
synth_334,20,4,4,56,54,58,69,0.1897,2,2,0.9513,True,
synth_335,29,15,9,56,46,55,68,0.2364,-1,2,1.0023,True,
synth_336,6,12,4,66,51,62,70,0.129,-4,2,1.0291,True,
synth_337,5,4,3,72,63,71,80,0.1268,-1,2,1.01,True,
synth_338,11,11,6,97,86,95,103,0.0842,-2,4,1.0095,True,
synth_339,6,12,6,83,72,83,93,0.1205,0,3,0.9425,True,
synth_340,24,7,20,179,161,177,191,0.0791,-2,5,0.8955,True,
synth_341,17,6,11,78,73,81,89,0.0988,3,3,1.0433,True,
synth_342,27,14,6,64,44,58,70,0.2069,-6,2,1.0252,True,
synth_343,11,9,9,73,63,71,78,0.0986,-2,3,0.9638,True,
synth_344,24,13,17,88,74,83,93,0.1205,-5,4,0.952,True,
synth_345,5,10,4,58,47,57,68,0.193,-1,3,0.9952,True,
synth_346,8,14,4,64,55,65,76,0.1692,1,2,0.9265,True,
synth_347,11,5,10,129,106,120,132,0.1,-9,4,0.779,True,
synth_348,9,14,6,92,80,91,99,0.0879,-1,3,0.9421,True,
synth_349,23,9,19,106,93,101,111,0.099,-5,3,1.0141,True,
synth_350,18,15,6,54,54,63,74,0.1746,9,3,1.0496,True,
synth_351,24,6,11,95,83,96,110,0.1458,1,4,1.0322,True,
synth_352,13,15,3,66,55,65,74,0.1385,-1,2,0.9969,True,
synth_353,22,4,29,165,144,158,173,0.0949,-7,5,0.9804,True,
synth_354,21,7,3,70,64,69,73,0.058,-1,2,0.9543,True,
synth_355,6,5,3,58,52,60,73,0.2167,2,2,0.946,True,
synth_356,10,15,7,65,59,66,76,0.1515,1,3,0.9466,True,
synth_357,28,7,13,74,65,73,80,0.0959,-1,3,1.0426,True,
synth_358,20,14,12,68,60,68,77,0.1324,0,3,1.0267,True,
synth_359,25,14,23,96,86,95,105,0.1053,-1,3,1.0218,True,
synth_360,16,4,9,111,102,112,121,0.0804,1,5,0.9475,True,
synth_361,17,8,3,74,59,69,78,0.1304,-5,3,0.9409,True,
synth_362,21,15,3,81,64,79,94,0.1899,-2,3,0.98,True,
synth_363,14,7,3,65,61,67,73,0.0896,2,3,0.9765,True,
synth_364,12,15,6,72,66,78,93,0.1923,6,3,1.0596,True,
synth_365,10,14,7,117,108,119,135,0.1345,2,4,0.9527,True,
synth_366,16,15,7,55,48,52,58,0.1154,-3,2,1.0582,True,
synth_367,16,7,9,100,82,95,105,0.1053,-5,4,1.026,True,
synth_368,26,4,26,146,138,149,163,0.094,3,5,0.9875,True,
synth_369,10,14,5,64,54,65,80,0.2308,1,4,0.9902,True,
synth_370,19,8,6,70,55,66,75,0.1364,-4,2,1.0628,True,
synth_371,6,13,6,97,83,93,103,0.1075,-4,4,0.9811,True,
synth_372,11,10,4,103,87,97,108,0.1134,-6,3,0.958,True,
synth_373,27,15,11,79,72,81,96,0.1852,2,3,1.0296,True,
synth_374,25,4,34,153,139,150,162,0.08,-3,5,1.0794,True,
synth_375,16,7,10,94,81,94,107,0.1383,0,3,0.9582,True,
synth_376,13,15,5,71,66,71,78,0.0986,0,3,0.9788,True,
synth_377,25,13,7,64,59,66,73,0.1061,2,2,0.9907,True,
synth_378,23,4,15,137,123,133,142,0.0677,-4,4,0.885,True,
synth_379,11,14,11,99,94,100,106,0.06,1,3,1.0393,True,
synth_380,11,15,8,78,66,78,90,0.1538,0,3,1.0417,True,
synth_381,18,11,5,72,66,71,77,0.0845,-1,2,1.0023,True,
synth_382,30,5,15,110,95,105,115,0.0952,-5,4,0.9933,True,
synth_383,7,11,7,88,73,87,102,0.1724,-1,3,0.983,True,
synth_384,20,13,14,94,87,93,98,0.0538,-1,3,0.9619,True,
synth_385,18,4,9,67,64,68,73,0.0735,1,3,1.0742,True,
synth_386,16,7,11,76,70,80,91,0.1375,4,3,0.8857,True,
synth_387,17,7,15,100,82,94,106,0.1277,-6,4,1.0139,True,
synth_388,15,5,11,112,99,107,115,0.0748,-5,3,1.13,True,
synth_389,24,3,11,131,116,130,144,0.1077,-1,5,1.0917,True,
synth_390,29,10,13,82,74,81,87,0.0741,-1,3,0.9567,True,
synth_391,26,12,11,88,78,87,95,0.092,-1,3,0.9945,True,
synth_392,18,7,8,125,102,117,131,0.1197,-8,4,1.0599,True,
synth_393,11,7,3,69,60,67,75,0.1194,-2,2,0.9629,True,
synth_394,8,13,4,83,73,80,85,0.0625,-3,3,0.8998,True,
synth_395,14,9,9,123,107,119,130,0.0924,-4,4,1.0698,True,
synth_396,12,10,12,71,67,76,87,0.1447,5,4,0.9081,True,
synth_397,12,9,11,110,94,107,116,0.0841,-3,4,0.9902,True,
synth_398,9,15,10,65,60,67,73,0.0896,2,3,1.0542,True,
synth_399,27,12,27,112,102,114,127,0.114,2,5,1.0821,True,
synth_400,29,6,13,144,124,136,149,0.0956,-8,4,1.0078,True,
synth_401,15,15,7,78,67,77,86,0.1169,-1,3,0.9395,True,
synth_402,15,10,18,157,147,157,169,0.0764,0,7,0.9833,True,
synth_403,28,4,14,109,97,106,114,0.0755,-3,3,1.0496,True,
synth_404,6,5,4,52,47,52,57,0.0962,0,3,0.985,True,
synth_405,21,10,13,86,81,89,97,0.0899,3,3,1.0442,True,
synth_406,15,6,15,140,122,134,146,0.0896,-6,4,1.0513,True,
synth_407,9,8,6,87,76,86,98,0.1395,-1,3,1.0096,True,
synth_408,14,4,6,79,73,79,86,0.0886,0,2,0.99,True,
synth_409,27,7,19,164,151,162,173,0.0679,-2,6,0.8807,True,
synth_410,26,10,11,86,79,88,95,0.0795,2,3,1.1335,True,
synth_411,11,11,14,139,120,135,147,0.0889,-4,6,0.9053,True,
synth_412,11,11,6,77,73,78,83,0.0641,1,3,0.9988,True,
synth_413,9,8,3,73,66,71,76,0.0704,-2,2,0.9394,True,
synth_414,14,7,4,93,72,86,102,0.186,-7,3,1.0607,True,
synth_415,20,3,14,104,91,102,113,0.1078,-2,3,0.9781,True,
synth_416,25,10,22,113,107,114,125,0.0965,1,4,1.0762,True,
synth_417,13,12,8,50,45,50,54,0.08,0,2,0.9878,True,
synth_418,9,3,3,59,53,59,67,0.1356,0,2,0.9989,True,
synth_419,13,12,4,68,53,66,75,0.1364,-2,2,0.9961,True,
synth_420,11,7,6,71,62,72,85,0.1806,1,3,0.9739,True,
synth_421,20,10,17,131,120,129,137,0.062,-2,4,1.0677,True,
synth_422,25,7,19,95,77,91,106,0.1648,-4,3,1.0082,True,
synth_423,16,5,8,61,59,67,75,0.1194,6,2,0.8428,True,
synth_424,26,4,5,77,61,74,85,0.1486,-3,2,0.9506,True,
synth_425,13,14,11,125,112,124,135,0.0887,-1,4,0.9618,True,
synth_426,27,8,15,143,126,139,151,0.0863,-4,5,0.9888,True,
synth_427,7,4,5,78,70,77,82,0.0649,-1,2,1.0346,True,
synth_428,22,12,17,90,70,86,102,0.186,-4,4,0.9774,True,
synth_429,23,12,26,113,108,116,123,0.0603,3,4,1.0228,True,
synth_430,29,3,20,191,170,186,203,0.0914,-5,6,1.07,True,
synth_431,20,14,9,71,67,72,78,0.0833,1,2,1.0454,True,
synth_432,10,14,3,54,53,59,66,0.1186,5,2,1.0034,True,
synth_433,12,15,6,91,79,90,99,0.1,-1,3,0.9948,True,
synth_434,12,13,16,99,91,100,111,0.11,1,4,0.9971,True,
synth_435,20,4,22,126,116,127,139,0.0945,1,4,0.9087,True,
synth_436,11,11,4,69,61,74,88,0.1892,5,3,0.9514,True,
synth_437,20,4,20,134,114,129,140,0.0853,-5,6,0.9952,True,
synth_438,9,14,6,54,50,56,62,0.1071,2,3,1.004,True,
synth_439,10,4,5,67,64,71,79,0.1127,4,2,0.9819,True,
synth_440,28,13,5,74,57,69,78,0.1304,-5,2,1.0175,True,
synth_441,13,5,9,83,76,84,97,0.1548,1,4,0.9968,True,
synth_442,12,8,9,89,68,82,96,0.1707,-7,4,0.9069,True,
synth_443,16,9,11,79,74,80,89,0.1125,1,3,0.9234,True,
synth_444,18,13,14,92,77,91,106,0.1648,-1,4,1.0706,True,
synth_445,16,10,15,153,141,151,160,0.0596,-2,6,1.0333,True,
synth_446,17,11,4,70,61,68,75,0.1029,-2,2,1.0442,True,
synth_447,23,3,16,121,102,114,124,0.0877,-7,3,0.8961,True,
synth_448,19,11,6,85,71,83,92,0.1084,-2,3,1.0123,True,
synth_449,17,6,19,126,114,123,132,0.0732,-3,4,0.9768,True,
synth_450,27,12,16,123,111,124,137,0.1048,1,6,0.9038,True,
synth_451,10,13,8,55,49,58,66,0.1379,3,2,1.0037,True,
synth_452,28,3,25,141,134,150,169,0.1267,9,5,1.1256,True,
synth_453,26,13,14,97,79,90,104,0.1556,-7,4,1.0059,True,
synth_454,22,3,10,106,102,114,128,0.1228,8,4,0.9325,True,
synth_455,26,8,18,83,75,82,93,0.1341,-1,3,1.042,True,
synth_456,17,4,19,162,140,154,167,0.0844,-8,5,1.0625,True,
synth_457,19,7,16,170,152,165,177,0.0727,-5,5,1.0271,True,
synth_458,14,3,11,104,94,105,117,0.1143,1,4,0.9811,True,
synth_459,18,15,21,111,97,111,127,0.1441,0,4,1.0159,True,
synth_460,21,12,22,102,86,97,108,0.1134,-5,4,0.9667,True,
synth_461,30,9,6,86,75,82,88,0.0732,-4,3,1.0393,True,
synth_462,25,3,11,91,81,89,98,0.1011,-2,3,0.9567,True,
synth_463,19,12,20,150,139,149,159,0.0671,-1,6,1.045,True,
synth_464,7,9,6,94,80,90,99,0.1,-4,3,1.0553,True,
synth_465,16,14,8,74,68,74,80,0.0811,0,2,1.0396,True,
synth_466,13,6,9,119,103,118,130,0.1017,-1,4,0.9542,True,
synth_467,28,11,4,56,50,57,63,0.1053,1,2,1.0046,True,
synth_468,25,11,11,67,62,70,77,0.1,3,2,1.0727,True,
synth_469,8,3,10,94,83,92,101,0.0978,-2,4,1.0758,True,
synth_470,20,11,19,128,118,128,138,0.0781,0,5,0.9718,True,
synth_471,22,4,14,109,104,117,133,0.1368,8,3,0.8944,True,
synth_472,26,13,25,135,124,135,145,0.0741,0,4,1.043,True,
synth_473,8,12,4,72,57,69,80,0.1594,-3,3,1.0235,True,
synth_474,21,4,9,117,110,118,127,0.0763,1,4,1.0594,True,
synth_475,6,13,4,49,45,51,60,0.1765,2,2,0.9651,True,
synth_476,26,5,18,120,115,124,138,0.1129,4,3,0.937,True,
synth_477,28,9,17,92,83,90,98,0.0889,-2,3,0.9697,True,
synth_478,6,14,4,86,66,81,94,0.1605,-5,3,0.9392,True,
synth_479,8,12,4,94,78,89,99,0.1124,-5,3,1.0753,True,
synth_480,17,12,10,82,72,82,94,0.1463,0,3,0.9658,True,
synth_481,23,7,15,97,86,93,100,0.0753,-4,3,1.1015,True,
synth_482,12,13,10,90,83,91,98,0.0769,1,3,0.9861,True,
synth_483,13,11,7,74,65,77,91,0.1818,3,3,0.9482,True,
synth_484,28,3,8,69,66,70,75,0.0714,1,2,0.9722,True,
synth_485,21,8,7,66,62,68,75,0.1029,2,3,0.8946,True,
synth_486,29,8,12,92,71,85,99,0.1647,-7,3,1.0581,True,
synth_487,14,12,11,75,72,79,90,0.1392,4,4,1.0413,True,
synth_488,24,7,4,50,46,52,61,0.1731,2,2,1.0443,True,
synth_489,12,9,10,73,66,73,82,0.1233,0,3,0.9111,True,
synth_490,26,5,11,80,74,84,97,0.1548,4,3,0.922,True,
synth_491,9,11,7,68,60,65,70,0.0769,-3,3,1.0068,True,
synth_492,6,13,5,53,51,58,67,0.1552,5,4,1.0546,True,
synth_493,11,3,6,81,76,82,86,0.0488,1,2,0.9889,True,
synth_494,11,4,12,115,107,117,127,0.0855,2,4,1.0344,True,
synth_495,18,14,17,135,119,131,142,0.084,-4,5,1.0342,True,
synth_496,28,12,4,71,57,68,76,0.1176,-3,2,0.981,True,
synth_497,18,8,18,91,79,88,97,0.1023,-3,4,1.0081,True,
synth_498,8,5,6,84,73,84,99,0.1786,0,3,0.9215,True,
synth_499,30,14,14,83,72,81,89,0.0988,-2,3,1.0355,True,
synth_500,6,15,6,93,82,93,108,0.1613,0,3,0.9941,True,
synth_501,13,10,10,76,61,70,78,0.1143,-6,4,1.0321,True,
synth_502,23,4,18,140,121,137,150,0.0949,-3,4,0.8875,True,
synth_503,18,11,9,99,86,95,103,0.0842,-4,3,1.0376,True,
synth_504,5,7,3,53,45,54,66,0.2222,1,3,1.046,True,
synth_505,27,11,13,83,74,83,91,0.0964,0,3,1.0195,True,
synth_506,26,14,28,185,154,172,189,0.0988,-13,7,0.9482,True,
synth_507,21,9,3,58,51,61,75,0.2295,3,2,1.0238,True,
synth_508,22,10,5,73,64,72,79,0.0972,-1,2,1.0263,True,
synth_509,7,5,4,85,60,78,92,0.1795,-7,3,0.984,True,
synth_510,20,13,13,107,86,104,121,0.1635,-3,4,0.9625,True,
synth_511,8,13,4,52,50,53,57,0.0755,1,2,0.9853,True,
synth_512,15,8,9,89,81,92,102,0.1087,3,3,1.1265,True,
synth_513,11,6,5,77,66,75,84,0.12,-2,2,0.9186,True,
synth_514,6,7,5,72,60,70,81,0.1571,-2,3,1.0108,True,
synth_515,27,13,23,153,124,140,154,0.1,-13,4,0.9825,True,
synth_516,12,15,5,83,76,83,90,0.0843,0,4,0.9776,True,
synth_517,18,3,18,154,141,151,160,0.0596,-3,4,0.9092,True,
synth_518,11,13,7,74,70,77,85,0.1039,3,2,0.984,True,
synth_519,14,7,9,108,91,105,119,0.1333,-3,4,1.0744,True,
synth_520,9,3,5,74,66,74,81,0.0946,0,2,0.9658,True,
synth_521,30,14,9,89,68,80,94,0.175,-9,3,0.8911,True,
synth_522,26,11,19,138,123,137,148,0.0803,-1,5,1.0682,True,
synth_523,16,15,12,92,83,96,109,0.1354,4,4,1.0188,True,
synth_524,22,11,4,64,60,66,74,0.1212,2,2,0.9802,True,
synth_525,6,15,4,92,80,89,96,0.0787,-3,3,1.0396,True,
synth_526,14,6,6,56,50,57,64,0.1228,1,2,0.9871,True,
synth_527,21,14,14,100,85,96,105,0.0938,-4,4,0.9345,True,
synth_528,13,5,11,86,80,87,94,0.0805,1,3,0.914,True,
synth_529,28,8,20,139,123,135,144,0.0667,-4,5,1.0592,True,
synth_530,6,3,5,63,56,64,71,0.1094,1,3,0.8608,True,
synth_531,18,6,12,89,83,90,100,0.1111,1,3,0.9868,True,
synth_532,20,9,16,94,79,93,107,0.1505,-1,4,0.9339,True,
synth_533,28,7,19,159,136,155,172,0.1097,-4,6,1.0001,True,
synth_534,19,5,7,118,97,112,125,0.1161,-6,4,0.9612,True,
synth_535,28,7,12,70,64,69,75,0.087,-1,2,0.9605,True,
synth_536,12,10,14,102,91,101,111,0.099,-1,4,0.9434,True,
synth_537,7,14,5,55,46,54,61,0.1296,-1,3,1.0061,True,
synth_538,14,13,5,69,61,70,78,0.1143,1,2,1.0407,True,
synth_539,27,13,18,90,86,93,103,0.1075,3,3,0.9681,True,
synth_540,10,3,6,71,64,71,78,0.0986,0,2,0.9619,True,
synth_541,29,14,10,102,84,96,110,0.1458,-6,4,0.9076,True,
synth_542,7,9,6,112,95,107,115,0.0748,-5,4,0.9964,True,
synth_543,28,13,15,68,61,67,74,0.1045,-1,2,1.0371,True,
synth_544,27,14,15,73,64,72,79,0.0972,-1,3,1.0016,True,
synth_545,15,7,3,63,55,62,68,0.0968,-1,3,0.9979,True,
synth_546,22,4,15,110,98,106,114,0.0755,-4,3,0.9569,True,
synth_547,6,6,3,61,53,60,71,0.1833,-1,2,0.9824,True,
synth_548,10,3,8,102,93,104,115,0.1058,2,4,0.9222,True,
synth_549,22,12,7,76,66,74,80,0.0811,-2,3,1.0422,True,
synth_550,16,6,15,106,96,102,111,0.0882,-4,3,1.0179,True,
synth_551,29,10,31,122,115,123,135,0.0976,1,5,0.969,True,
synth_552,29,15,3,59,45,56,65,0.1607,-3,2,1.0041,True,
synth_553,23,13,13,109,98,106,114,0.0755,-3,5,0.9938,True,
synth_554,12,10,3,71,58,68,76,0.1176,-3,2,0.9106,True,
synth_555,16,8,7,72,66,73,79,0.0822,1,2,1.0042,True,
synth_556,18,6,5,84,77,83,89,0.0723,-1,2,1.0804,True,
synth_557,25,8,28,187,179,191,204,0.0681,4,7,0.9321,True,
synth_558,23,3,17,137,120,132,144,0.0909,-5,3,0.785,True,
synth_559,22,10,13,127,112,124,137,0.1048,-3,5,0.9915,True,
synth_560,17,8,4,72,58,68,80,0.1765,-4,2,1.0474,True,
synth_561,12,9,10,85,72,82,90,0.0976,-3,3,1.0271,True,
synth_562,10,15,5,71,62,71,77,0.0845,0,3,1.074,True,
synth_563,30,7,31,133,119,134,148,0.1045,1,5,1.0505,True,
synth_564,26,12,15,106,86,100,112,0.12,-6,6,1.0574,True,
synth_565,5,15,5,60,52,61,72,0.1803,1,3,0.9656,True,
synth_566,29,4,18,96,91,100,110,0.1,4,3,1.0502,True,
synth_567,9,7,5,68,57,65,72,0.1077,-3,3,0.9562,True,
synth_568,18,5,10,93,89,100,112,0.12,7,3,0.9283,True,
synth_569,10,6,7,115,102,110,119,0.0818,-5,3,1.0289,True,
synth_570,21,6,15,120,105,118,129,0.0932,-2,4,0.7806,True,
synth_571,12,5,5,73,67,73,79,0.0822,0,2,0.9862,True,
synth_572,17,6,12,91,76,88,99,0.125,-3,3,1.016,True,
synth_573,21,3,7,85,69,81,94,0.1605,-4,3,0.8722,True,
synth_574,28,13,12,89,70,84,97,0.1548,-5,3,1.0654,True,
synth_575,13,8,8,103,99,106,113,0.066,3,4,1.0424,True,
synth_576,25,4,25,172,151,167,180,0.0778,-5,5,1.0,True,
synth_577,15,10,4,53,47,52,55,0.0577,-1,2,1.0059,True,
synth_578,23,5,14,94,80,89,99,0.1124,-5,3,0.979,True,
synth_579,12,6,8,125,114,132,150,0.1364,7,5,0.9606,True,
synth_580,16,13,3,42,36,40,45,0.125,-2,2,0.9729,True,
synth_581,18,5,6,84,71,85,97,0.1412,1,3,0.7973,True,
synth_582,27,11,16,112,105,112,118,0.0536,0,4,1.0639,True,
synth_583,24,15,18,71,66,75,86,0.1467,4,3,1.0083,True,
synth_584,11,11,6,87,75,84,93,0.1071,-3,4,1.0758,True,
synth_585,7,10,5,59,52,58,64,0.1034,-1,2,0.9877,True,
synth_586,5,4,4,67,62,68,76,0.1176,1,4,1.0627,True,
synth_587,16,8,14,82,70,78,85,0.0897,-4,3,1.0017,True,
synth_588,15,5,19,93,80,90,102,0.1333,-3,4,1.0233,True,
synth_589,30,6,13,142,131,140,151,0.0786,-2,5,1.0636,True,
synth_590,30,7,18,133,121,130,139,0.0692,-3,4,1.0144,True,
synth_591,6,12,6,103,79,95,107,0.1263,-8,4,1.0324,True,
synth_592,14,10,8,85,68,79,90,0.1392,-6,3,1.0887,True,
synth_593,15,4,11,95,75,89,100,0.1236,-6,3,0.9144,True,
synth_594,26,11,12,102,91,99,106,0.0707,-3,3,0.926,True,
synth_595,28,12,20,154,139,150,162,0.08,-4,5,1.0283,True,
synth_596,8,7,9,84,73,82,90,0.0976,-2,3,1.0093,True,
synth_597,18,13,15,92,78,87,97,0.1149,-5,3,1.0195,True,
synth_598,27,10,34,108,99,109,120,0.1009,1,4,1.1131,True,
synth_599,20,11,10,58,56,60,66,0.1,2,3,1.0868,True,
synth_600,15,8,4,74,61,71,82,0.1549,-3,2,1.0038,True,
synth_601,22,14,4,64,53,63,73,0.1587,-1,3,1.0058,True,
synth_602,24,7,8,69,60,68,76,0.1176,-1,2,1.0305,True,
synth_603,16,7,11,86,78,86,95,0.1047,0,3,1.0595,True,
synth_604,12,8,10,104,90,101,109,0.0792,-3,4,1.0625,True,
synth_605,14,14,7,50,44,51,58,0.1373,1,2,1.0373,True,
synth_606,16,15,11,91,78,89,100,0.1236,-2,4,0.9532,True,
synth_607,9,10,6,88,69,83,94,0.1325,-5,3,1.0655,True,
synth_608,22,7,19,115,100,115,128,0.113,0,4,1.0362,True,
synth_609,7,9,3,61,51,60,71,0.1833,-1,2,1.0122,True,
synth_610,11,13,11,119,112,119,127,0.0672,0,5,1.0199,True,
synth_611,23,14,10,53,50,55,65,0.1818,2,2,1.0127,True,
synth_612,14,9,10,79,74,80,85,0.0625,1,3,1.0189,True,
synth_613,27,12,13,100,91,99,107,0.0808,-1,3,0.9922,True,
synth_614,10,7,9,107,97,105,113,0.0762,-2,3,1.0038,True,
synth_615,29,7,21,86,77,86,97,0.1279,0,3,0.9256,True,
synth_616,14,7,5,84,71,81,88,0.0864,-3,3,0.9927,True,
synth_617,22,8,8,72,59,68,76,0.1176,-4,2,0.9946,True,
synth_618,15,7,9,87,80,89,99,0.1124,2,3,1.0571,True,
synth_619,12,12,4,70,67,79,93,0.1772,9,3,1.0031,True,
synth_620,11,10,5,64,46,60,70,0.1667,-4,3,0.9633,True,
synth_621,19,9,16,163,151,165,178,0.0788,2,6,1.003,True,
synth_622,15,7,8,89,76,88,99,0.125,-1,3,0.8708,True,
synth_623,16,7,18,102,97,102,108,0.0588,0,3,1.0232,True,
synth_624,29,5,17,110,96,106,115,0.0849,-4,4,0.9947,True,
synth_625,13,13,4,75,65,73,81,0.1096,-2,3,1.0811,True,
synth_626,9,15,6,55,51,56,61,0.0893,1,2,1.0031,True,
synth_627,14,13,5,50,45,50,55,0.1,0,2,1.0008,True,
synth_628,7,7,5,70,70,76,82,0.0789,6,2,0.9368,True,
synth_629,29,6,15,113,97,108,118,0.0926,-5,4,1.1433,True,
synth_630,28,13,9,83,73,85,98,0.1529,2,4,0.9876,True,
synth_631,17,4,6,99,93,103,117,0.1359,4,4,0.9337,True,
synth_632,30,7,5,70,64,71,78,0.0986,1,2,0.9735,True,
synth_633,16,3,6,101,80,97,114,0.1753,-4,3,1.1083,True,
synth_634,16,8,21,128,118,126,136,0.0794,-2,5,1.0703,True,
synth_635,10,6,8,102,85,101,115,0.1386,-1,4,1.025,True,
synth_636,24,9,26,169,135,158,178,0.1266,-11,6,1.0089,True,
synth_637,12,8,7,102,93,99,105,0.0606,-3,3,1.1325,True,
synth_638,26,6,17,127,117,130,146,0.1231,3,5,0.9301,True,
synth_639,13,13,10,94,79,93,105,0.129,-1,4,0.9747,True,
synth_640,19,14,7,70,59,70,82,0.1714,0,3,1.0481,True,
synth_641,17,9,4,85,66,78,90,0.1538,-7,3,0.9031,True,
synth_642,16,9,15,73,70,75,81,0.08,2,3,1.1177,True,
synth_643,14,9,11,69,59,68,75,0.1029,-1,2,1.0164,True,
synth_644,26,7,13,133,115,130,144,0.1077,-3,4,0.9396,True,
synth_645,18,5,3,62,56,63,69,0.0952,1,2,1.0793,True,
synth_646,10,9,6,72,61,71,77,0.0845,-1,2,0.9339,True,
synth_647,7,8,3,68,55,65,72,0.1077,-3,2,0.9152,True,
synth_648,30,8,11,93,79,90,101,0.1222,-3,3,1.0685,True,
synth_649,18,12,7,70,63,68,75,0.1029,-2,2,1.0013,True,
synth_650,10,4,4,71,65,70,75,0.0714,-1,2,0.8788,True,
synth_651,30,10,6,72,63,69,76,0.1014,-3,2,1.0468,True,
synth_652,8,9,6,81,69,78,86,0.1026,-3,3,1.0644,True,
synth_653,30,14,19,87,84,90,97,0.0778,3,3,0.9555,True,
synth_654,19,14,9,84,61,79,92,0.1646,-5,3,1.0006,True,
synth_655,25,8,33,190,178,191,204,0.0681,1,7,1.001,True,
synth_656,11,8,8,90,79,90,101,0.1222,0,3,1.0401,True,
synth_657,14,12,6,80,66,78,88,0.1282,-2,3,0.9493,True,
synth_658,13,9,7,83,69,81,94,0.1605,-2,4,0.9876,True,
synth_659,5,3,5,90,70,86,100,0.1628,-4,3,1.0433,True,
synth_660,28,3,8,91,74,83,95,0.1446,-8,3,1.1767,True,
synth_661,27,8,15,118,102,117,130,0.1111,-1,5,1.0379,True,
synth_662,22,5,11,83,76,85,96,0.1294,2,3,1.05,True,
synth_663,28,12,14,126,108,122,135,0.1066,-4,4,1.0653,True,
synth_664,28,5,6,88,75,85,95,0.1176,-3,3,1.0973,True,
synth_665,29,4,23,139,127,137,146,0.0657,-2,4,0.8921,True,
synth_666,11,8,9,82,74,85,97,0.1412,3,3,1.0194,True,
synth_667,5,4,5,126,105,118,130,0.1017,-8,4,0.9537,True,
synth_668,21,12,3,45,40,44,47,0.0682,-1,2,0.9656,True,
synth_669,7,14,3,44,31,40,50,0.25,-4,2,1.116,True,
synth_670,21,10,12,86,74,82,91,0.1098,-4,3,1.0393,True,
synth_671,19,15,4,81,70,80,89,0.1125,-1,3,1.0305,True,
synth_672,26,9,18,96,83,92,100,0.087,-4,3,0.9756,True,
synth_673,16,13,8,54,53,57,61,0.0702,3,3,1.0361,True,
synth_674,8,14,7,87,71,84,96,0.1429,-3,4,1.0528,True,
synth_675,30,14,35,137,110,128,148,0.1562,-9,5,0.9554,True,
synth_676,20,14,10,94,76,90,103,0.1444,-4,3,1.005,True,
synth_677,9,6,5,61,59,64,70,0.0938,3,2,1.0413,True,
synth_678,29,3,12,95,84,93,101,0.086,-2,3,0.9764,True,
synth_679,12,4,9,93,80,90,98,0.0889,-3,3,0.9742,True,
synth_680,16,15,7,59,49,55,64,0.1636,-4,2,0.9274,True,
synth_681,24,14,21,103,94,104,115,0.1058,1,4,1.0025,True,
synth_682,28,6,15,92,89,96,106,0.1042,4,3,1.0454,True,
synth_683,27,7,13,92,83,91,99,0.0879,-1,3,1.0382,True,
synth_684,16,14,11,96,82,96,109,0.1354,0,4,1.0487,True,
synth_685,24,7,14,81,76,81,86,0.0617,0,3,1.0326,True,
synth_686,17,7,4,57,52,58,65,0.1207,1,2,0.9392,True,
synth_687,5,10,5,61,54,65,77,0.1846,4,4,1.1332,True,
synth_688,20,4,13,93,83,94,104,0.1064,1,3,1.0925,True,
synth_689,22,13,12,77,72,80,92,0.15,3,3,1.0094,True,
synth_690,20,9,9,68,65,70,77,0.1,2,2,1.0038,True,
synth_691,23,13,7,80,70,79,86,0.0886,-1,3,1.0087,True,
synth_692,26,8,5,83,77,82,87,0.061,-1,3,0.9303,True,
synth_693,26,15,18,89,79,89,98,0.1011,0,3,1.0251,True,
synth_694,22,11,10,110,93,104,114,0.0962,-6,4,0.9697,True,
synth_695,5,6,5,90,76,88,99,0.125,-2,3,0.914,True,
synth_696,20,13,4,69,59,66,74,0.1212,-3,3,0.9587,True,
synth_697,12,13,4,83,77,84,91,0.0833,1,3,0.9866,True,
synth_698,13,7,7,90,78,89,103,0.1573,-1,3,0.9457,True,
synth_699,14,14,8,104,88,99,110,0.1111,-5,4,1.0447,True,
synth_700,26,10,27,113,103,113,126,0.115,0,4,1.0001,True,
synth_701,28,10,27,123,110,124,138,0.1129,1,4,1.0948,True,
synth_702,21,8,20,156,128,145,160,0.1034,-11,5,0.8944,True,
synth_703,17,14,17,83,79,88,97,0.1023,5,4,1.0053,True,
synth_704,9,13,3,58,53,59,64,0.0847,1,2,1.0183,True,
synth_705,12,15,8,63,63,69,75,0.087,6,2,1.0768,True,
synth_706,20,9,7,75,65,71,77,0.0845,-4,2,1.0368,True,
synth_707,26,6,21,93,80,89,100,0.1236,-4,3,0.8997,True,
synth_708,12,8,5,74,61,70,76,0.0857,-4,2,1.0775,True,
synth_709,19,10,3,40,38,42,46,0.0952,2,1,0.9107,True,
synth_710,27,3,23,126,114,123,130,0.0569,-3,4,1.0392,True,
synth_711,14,7,9,136,119,131,142,0.084,-5,4,0.9429,True,
synth_712,19,4,12,87,81,90,99,0.1,3,3,0.8358,True,
synth_713,27,12,5,62,57,65,73,0.1231,3,3,0.9946,True,
synth_714,20,10,9,75,68,75,83,0.1067,0,3,1.1224,True,
synth_715,10,9,7,80,74,81,88,0.0864,1,3,1.0385,True,
synth_716,8,9,3,62,58,64,72,0.125,2,2,1.0568,True,
synth_717,16,15,8,70,57,67,77,0.1493,-3,2,0.9984,True,
synth_718,24,10,6,63,59,66,73,0.1061,3,2,0.9606,True,
synth_719,15,7,3,58,56,59,63,0.0678,1,2,0.9799,True,
synth_720,5,3,3,103,85,98,107,0.0918,-5,3,0.82,True,
synth_721,19,14,10,87,80,89,96,0.0787,2,3,0.924,True,
synth_722,14,12,10,61,57,61,65,0.0656,0,2,0.9319,True,
synth_723,8,10,3,61,57,61,66,0.082,0,2,0.9302,True,
synth_724,30,12,23,113,102,111,122,0.0991,-2,4,0.9287,True,
synth_725,7,12,5,46,44,51,60,0.1765,5,2,1.0112,True,
synth_726,22,8,3,55,53,59,65,0.1017,4,2,0.9643,True,
synth_727,19,13,12,115,92,110,124,0.1273,-5,4,1.0053,True,
synth_728,5,5,4,81,67,77,86,0.1169,-4,3,0.7785,True,
synth_729,6,15,3,56,49,59,70,0.1864,3,2,0.9663,True,
synth_730,17,14,10,116,96,109,121,0.1101,-7,4,0.9498,True,
synth_731,17,12,7,94,76,90,102,0.1333,-4,3,1.0493,True,
synth_732,13,7,12,70,63,70,76,0.0857,0,2,1.0451,True,
synth_733,21,15,18,119,105,117,127,0.0855,-2,5,0.9433,True,
synth_734,25,6,4,58,51,57,63,0.1053,-1,2,0.9851,True,
synth_735,14,12,9,75,65,73,79,0.0822,-2,3,1.0797,True,
synth_736,30,8,23,84,83,90,99,0.1,6,3,1.0502,True,
synth_737,9,15,6,69,58,67,74,0.1045,-2,2,1.033,True,
synth_738,8,3,7,64,58,65,72,0.1077,1,3,0.8411,True,
synth_739,10,13,5,72,59,69,78,0.1304,-3,2,0.9264,True,
synth_740,21,9,18,128,117,126,133,0.0556,-2,4,1.0548,True,
synth_741,9,12,5,67,61,67,73,0.0896,0,2,0.9474,True,
synth_742,24,8,17,132,105,124,139,0.121,-8,4,1.0057,True,
synth_743,29,8,28,181,169,181,193,0.0663,0,6,1.0604,True,
synth_744,22,3,5,90,79,90,101,0.1222,0,3,1.0069,True,
synth_745,30,4,17,94,88,96,103,0.0729,2,3,1.0419,True,
synth_746,22,3,9,143,116,133,149,0.1203,-10,4,0.9644,True,
synth_747,29,13,15,84,73,81,95,0.1728,-3,3,0.9326,True,
synth_748,10,6,8,65,57,66,82,0.2424,1,3,0.9846,True,
synth_749,14,13,3,66,64,68,73,0.0735,2,2,1.0229,True,
synth_750,13,9,10,123,113,123,132,0.0732,0,4,1.065,True,
synth_751,17,3,9,100,83,95,107,0.1263,-5,3,0.9575,True,
synth_752,12,12,8,61,48,57,66,0.1579,-4,4,1.0721,True,
synth_753,24,7,20,117,109,118,128,0.0847,1,4,0.9718,True,
synth_754,14,14,8,79,70,83,100,0.2048,4,4,1.0235,True,
synth_755,22,5,25,131,126,134,144,0.0746,3,4,1.0417,True,
synth_756,20,13,15,124,103,120,133,0.1083,-4,5,0.9831,True,
synth_757,24,13,19,139,130,143,159,0.1119,4,7,0.9583,True,
synth_758,14,9,12,72,69,76,84,0.1053,4,3,1.0401,True,
synth_759,6,9,4,57,52,62,74,0.1935,5,3,1.0252,True,
synth_760,16,8,11,95,88,96,105,0.0938,1,3,1.0416,True,
synth_761,9,10,5,96,78,90,102,0.1333,-6,4,0.9488,True,
synth_762,28,15,30,97,91,97,102,0.0515,0,3,1.0001,True,
synth_763,22,8,8,95,87,95,102,0.0737,0,3,0.9225,True,
synth_764,22,3,18,152,134,149,163,0.094,-3,6,0.9583,True,
synth_765,25,7,11,142,125,139,152,0.0935,-3,4,1.0227,True,
synth_766,19,13,4,55,48,54,59,0.0926,-1,2,0.991,True,
synth_767,29,15,5,57,52,60,68,0.1333,3,2,1.0007,True,
synth_768,26,12,10,120,103,116,129,0.1121,-4,4,1.1415,True,
synth_769,27,11,21,112,103,114,126,0.1053,2,4,1.0261,True,
synth_770,12,7,5,66,58,66,76,0.1515,0,3,1.094,True,
synth_771,11,7,5,66,59,66,73,0.1061,0,2,0.9424,True,
synth_772,19,7,23,128,121,131,144,0.0992,3,6,0.8882,True,
synth_773,26,13,20,98,94,99,107,0.0808,1,3,1.03,True,
synth_774,17,4,5,83,76,86,97,0.1279,3,3,1.0462,True,
synth_775,21,10,12,134,122,132,141,0.0682,-2,5,0.965,True,
synth_776,22,15,3,53,48,53,58,0.0943,0,2,0.9582,True,
synth_777,16,11,7,69,63,71,82,0.1549,2,4,1.0266,True,
synth_778,25,4,9,128,112,125,136,0.088,-3,3,0.8013,True,
synth_779,10,7,5,90,68,84,97,0.1548,-6,3,1.0687,True,
synth_780,17,6,9,118,93,109,122,0.1193,-9,3,0.9683,True,
synth_781,6,14,4,94,72,87,99,0.1379,-7,3,1.0169,True,
synth_782,8,15,4,37,34,40,49,0.225,3,3,1.0042,True,
synth_783,21,11,8,56,51,57,65,0.1404,1,3,0.9732,True,
synth_784,17,12,8,65,62,69,80,0.1594,4,3,1.0257,True,
synth_785,29,13,22,108,93,102,113,0.1078,-6,4,1.0053,True,
synth_786,22,3,20,134,110,125,140,0.12,-9,4,1.01,True,
synth_787,11,9,8,78,62,71,80,0.1268,-7,3,1.0055,True,
synth_788,22,7,19,127,120,132,144,0.0909,5,5,0.8771,True,
synth_789,10,10,12,86,75,83,91,0.0964,-3,3,0.8712,True,
synth_790,10,12,12,114,101,113,125,0.1062,-1,5,1.0267,True,
synth_791,26,5,3,51,45,52,60,0.1538,1,2,1.0532,True,
synth_792,10,10,8,95,70,86,101,0.1744,-9,4,0.9554,True,
synth_793,16,4,3,61,60,67,74,0.1045,6,2,1.1375,True,
synth_794,27,11,19,119,107,118,130,0.1017,-1,4,1.085,True,
synth_795,23,14,17,114,102,110,116,0.0545,-4,4,0.9728,True,
synth_796,30,10,16,117,105,115,126,0.0957,-2,3,0.9485,True,
synth_797,18,12,8,69,63,69,73,0.058,0,2,1.0049,True,
synth_798,15,9,3,97,76,90,103,0.1444,-7,3,0.9957,True,
synth_799,24,10,27,106,97,105,113,0.0762,-1,4,0.9726,True,
synth_800,19,7,13,88,76,85,94,0.1059,-3,4,0.9336,True,
synth_801,19,15,12,81,72,81,91,0.1235,0,3,1.0719,True,
synth_802,29,6,13,93,82,90,99,0.1,-3,3,0.9824,True,
synth_803,18,15,6,82,75,82,91,0.1098,0,4,0.9748,True,
synth_804,21,5,18,142,127,137,147,0.073,-5,4,0.876,True,
synth_805,23,14,4,66,54,63,71,0.127,-3,2,0.9833,True,
synth_806,18,3,7,79,68,78,86,0.1026,-1,2,1.0325,True,
synth_807,18,14,18,75,69,74,80,0.0811,-1,4,0.9161,True,
synth_808,21,13,6,60,54,62,69,0.1129,2,2,1.0379,True,
synth_809,22,4,23,147,137,147,156,0.0612,0,4,1.085,True,
synth_810,18,15,13,86,77,83,90,0.0843,-3,3,1.0525,True,
synth_811,13,14,12,120,112,122,132,0.082,2,4,0.9571,True,
synth_812,28,8,31,135,123,134,145,0.0821,-1,4,0.9617,True,
synth_813,24,9,15,102,90,100,111,0.11,-2,4,0.9775,True,
synth_814,17,9,5,98,91,101,112,0.1089,3,4,0.8556,True,
synth_815,8,5,8,55,50,57,63,0.1053,2,2,1.0887,True,
synth_816,28,14,7,59,52,58,65,0.1207,-1,2,1.0747,True,
synth_817,15,4,7,104,80,96,107,0.1146,-8,3,1.1198,True,
synth_818,16,13,4,64,57,63,70,0.1111,-1,2,0.9857,True,
synth_819,8,6,3,49,43,53,65,0.2264,4,2,0.9654,True,
synth_820,8,5,4,86,74,85,96,0.1294,-1,3,1.0453,True,
synth_821,21,4,4,63,60,67,74,0.1045,4,3,1.0829,True,
synth_822,17,11,8,72,64,71,77,0.0845,-1,2,0.994,True,
synth_823,21,8,10,129,108,123,138,0.122,-6,4,1.0052,True,
synth_824,29,13,33,172,165,180,198,0.1,8,7,0.9928,True,
synth_825,20,9,6,91,81,93,102,0.0968,2,3,1.0809,True,
synth_826,10,12,8,71,53,67,79,0.1791,-4,4,0.958,True,
synth_827,26,5,12,95,84,97,112,0.1546,2,3,1.0205,True,
synth_828,20,15,5,84,69,79,88,0.1139,-5,3,1.0024,True,
synth_829,6,11,5,78,71,78,84,0.0769,0,4,0.9664,True,
synth_830,30,14,15,89,81,91,101,0.1099,2,3,1.0309,True,
synth_831,14,10,8,69,52,64,73,0.1406,-5,3,1.1055,True,
synth_832,22,14,12,96,84,95,104,0.0947,-1,3,0.979,True,
synth_833,9,13,4,56,52,57,63,0.1053,1,2,1.0228,True,
synth_834,21,14,10,80,74,81,88,0.0864,1,3,0.8912,True,
synth_835,9,4,6,81,68,82,96,0.1707,1,3,0.9735,True,
synth_836,14,12,10,77,64,74,82,0.1081,-3,3,0.9788,True,
synth_837,26,7,12,182,157,174,190,0.092,-8,5,0.9806,True,
synth_838,25,3,20,111,107,114,124,0.0877,3,3,0.8533,True,
synth_839,25,12,21,79,72,79,85,0.0759,0,3,0.9765,True,
synth_840,17,6,12,91,75,85,94,0.1059,-6,3,0.9826,True,
synth_841,15,5,15,135,123,137,152,0.1095,2,5,1.004,True,
synth_842,13,9,7,105,91,104,115,0.1058,-1,3,0.9502,True,
synth_843,24,12,12,96,84,93,101,0.086,-3,3,1.0319,True,
synth_844,22,9,12,90,74,85,95,0.1176,-5,3,0.8957,True,
synth_845,9,15,4,76,66,74,82,0.1081,-2,2,1.0656,True,
synth_846,12,5,14,110,107,114,123,0.0789,4,5,0.8767,True,
synth_847,30,13,11,107,89,104,115,0.1058,-3,3,1.0051,True,
synth_848,24,6,7,66,62,69,80,0.1594,3,2,0.9729,True,
synth_849,11,9,3,75,62,75,87,0.16,0,3,0.9212,True,
synth_850,12,13,4,67,59,65,69,0.0615,-2,2,0.9878,True,
synth_851,19,10,20,169,150,164,179,0.0915,-5,5,0.9582,True,
synth_852,6,15,5,63,53,61,68,0.1148,-2,3,0.9821,True,
synth_853,23,6,8,96,91,100,109,0.09,4,3,1.0031,True,
synth_854,26,6,9,112,94,107,118,0.1028,-5,3,1.0215,True,
synth_855,30,5,12,95,76,92,107,0.163,-3,2,1.0555,True,
synth_856,25,8,17,102,93,101,109,0.0792,-1,4,0.9789,True,
synth_857,13,3,8,82,76,84,96,0.1429,2,3,0.95,True,
synth_858,23,15,12,91,84,92,102,0.1087,1,3,1.0153,True,
synth_859,12,8,6,97,85,94,103,0.0957,-3,3,0.8353,True,
synth_860,17,4,16,99,90,97,104,0.0722,-2,3,1.0319,True,
synth_861,18,8,23,129,111,124,137,0.1048,-5,4,0.9327,True,
synth_862,29,3,8,81,76,82,86,0.0488,1,1,1.0111,True,
synth_863,23,3,9,92,86,95,109,0.1474,3,3,0.8922,True,
synth_864,8,11,8,51,48,58,69,0.1897,7,2,1.1064,True,
synth_865,19,3,4,82,73,82,93,0.1341,0,3,0.9167,True,
synth_866,5,15,4,55,50,59,67,0.1356,4,2,0.9978,True,
synth_867,14,10,5,43,37,41,49,0.1951,-2,2,0.9112,True,
synth_868,21,3,22,125,102,119,136,0.1429,-6,4,0.8858,True,
synth_869,20,3,6,74,69,75,82,0.0933,1,2,0.9633,True,
synth_870,10,7,6,62,59,69,80,0.1594,7,3,1.0293,True,
synth_871,21,5,10,101,79,95,110,0.1579,-6,3,0.8705,True,
synth_872,12,11,10,83,83,91,101,0.1099,8,4,0.9735,True,
synth_873,14,9,8,172,150,166,178,0.0723,-6,5,0.9548,True,
synth_874,10,4,8,84,67,81,95,0.1728,-3,3,0.9431,True,
synth_875,18,3,19,157,136,150,162,0.08,-7,5,0.9033,True,
synth_876,7,7,7,129,105,121,134,0.1074,-8,4,0.9933,True,
synth_877,19,12,16,88,80,88,96,0.0909,0,3,1.0093,True,
synth_878,8,8,3,37,32,38,49,0.2895,1,2,1.0388,True,
synth_879,6,10,5,60,48,61,73,0.1967,1,2,0.9705,True,
synth_880,29,10,14,58,59,63,68,0.0794,5,2,0.9805,True,
synth_881,16,14,5,53,47,56,70,0.25,3,2,0.9393,True,
synth_882,21,4,12,105,92,101,110,0.0891,-4,3,0.9996,True,
synth_883,8,14,3,52,43,49,56,0.1429,-3,2,0.9846,True,
synth_884,25,8,29,113,103,113,123,0.0885,0,4,1.0125,True,
synth_885,10,11,3,73,59,69,78,0.1304,-4,2,1.0543,True,
synth_886,30,5,7,71,60,69,78,0.1304,-2,2,1.1033,True,
synth_887,6,6,4,115,87,103,117,0.1359,-12,4,0.9431,True,
synth_888,30,10,7,68,62,67,74,0.1045,-1,2,1.0846,True,
synth_889,12,9,9,80,64,74,84,0.1351,-6,3,0.9635,True,
synth_890,13,13,10,72,65,73,79,0.0822,1,2,0.9829,True,
synth_891,6,9,6,79,68,76,81,0.0658,-3,3,1.0054,True,
synth_892,27,4,10,90,71,82,95,0.1585,-8,3,1.13,True,
synth_893,9,4,9,105,94,105,114,0.0857,0,3,1.0325,True,
synth_894,14,12,6,78,68,76,82,0.0789,-2,3,1.0051,True,
synth_895,17,10,10,89,77,87,97,0.1149,-2,3,0.9462,True,
synth_896,23,8,9,66,63,68,74,0.0882,2,2,0.985,True,
synth_897,22,6,10,88,77,86,94,0.093,-2,3,0.9751,True,
synth_898,23,6,16,155,147,154,161,0.0455,-1,5,0.9049,True,
synth_899,16,10,6,78,73,81,89,0.0988,3,3,0.9722,True,
synth_900,15,14,4,62,54,61,70,0.1475,-1,2,0.9232,True,
synth_901,25,3,26,149,142,151,161,0.0662,2,4,0.9239,True,
synth_902,25,7,9,73,71,75,79,0.0533,2,3,1.0849,True,
synth_903,19,3,12,139,125,137,148,0.0803,-2,5,0.9806,True,
synth_904,8,13,3,45,38,42,47,0.119,-3,2,1.1046,True,
synth_905,19,10,19,114,102,116,131,0.1293,2,5,1.0102,True,
synth_906,15,15,13,93,83,91,98,0.0769,-2,4,0.9747,True,
synth_907,24,10,30,115,98,109,120,0.1009,-6,4,1.0411,True,
synth_908,5,7,4,61,50,57,65,0.1404,-4,3,0.9898,True,
synth_909,12,8,4,90,78,90,100,0.1111,0,3,0.9603,True,
synth_910,27,6,9,82,76,83,91,0.0964,1,2,1.0744,True,
synth_911,23,14,11,105,91,100,108,0.08,-5,3,1.0668,True,
synth_912,20,6,19,94,88,96,106,0.1042,2,4,1.0608,True,
synth_913,5,11,4,94,73,86,98,0.1395,-8,4,0.9099,True,
synth_914,10,8,9,60,53,59,66,0.1186,-1,3,1.0043,True,
synth_915,28,13,14,95,82,92,102,0.1087,-3,3,1.0137,True,
synth_916,18,4,8,119,104,115,124,0.0783,-4,3,0.9712,True,
synth_917,22,11,10,60,56,65,78,0.2,5,2,1.0367,True,
synth_918,20,11,22,101,89,100,109,0.09,-1,3,0.9525,True,
synth_919,5,13,3,44,38,42,46,0.0952,-2,2,1.0629,True,
synth_920,6,7,6,49,34,44,52,0.1818,-5,2,1.1215,True,
synth_921,14,15,8,100,87,97,106,0.0928,-3,3,0.9127,True,
synth_922,16,6,16,99,80,92,103,0.1196,-7,3,1.075,True,
synth_923,24,4,4,89,86,91,98,0.0769,2,3,1.0358,True,
synth_924,17,15,14,70,68,77,89,0.1558,7,4,1.0502,True,
synth_925,8,7,3,39,38,44,52,0.1818,5,2,0.9889,True,
synth_926,22,13,6,65,60,65,70,0.0769,0,2,1.0055,True,
synth_927,11,12,13,132,126,136,146,0.0735,4,5,0.9978,True,
synth_928,19,14,19,80,75,80,86,0.075,0,3,0.9988,True,
synth_929,29,5,31,113,105,113,121,0.0708,0,3,1.0705,True,
synth_930,24,8,14,105,98,106,115,0.0849,1,3,1.1208,True,
synth_931,16,12,16,116,93,109,121,0.1101,-7,5,1.0438,True,
synth_932,8,10,3,58,48,58,67,0.1552,0,2,0.9992,True,
synth_933,5,5,5,148,128,141,153,0.0851,-7,4,1.008,True,
synth_934,28,12,25,108,101,112,126,0.125,4,6,1.0126,True,
synth_935,8,6,4,70,61,68,74,0.0882,-2,2,1.0567,True,
synth_936,19,10,14,108,98,107,117,0.0935,-1,4,1.0306,True,
synth_937,13,15,17,104,88,100,108,0.08,-4,5,1.0176,True,
synth_938,22,14,13,112,100,108,115,0.0648,-4,4,1.0391,True,
synth_939,8,7,4,51,45,52,59,0.1346,1,3,1.0564,True,
synth_940,12,15,13,99,89,96,102,0.0625,-3,4,1.0591,True,
synth_941,9,11,3,77,66,73,80,0.0959,-4,2,0.9878,True,
synth_942,18,9,10,102,88,100,111,0.11,-2,3,1.0869,True,
synth_943,11,9,8,90,79,88,95,0.0795,-2,4,1.0488,True,
synth_944,21,11,23,152,134,145,156,0.0759,-7,5,1.0391,True,
synth_945,19,5,17,135,123,138,153,0.1087,3,5,0.8507,True,
synth_946,18,3,5,82,71,79,85,0.0759,-3,2,1.0433,True,
synth_947,26,7,20,128,112,123,134,0.0894,-5,5,1.055,True,
synth_948,18,8,3,105,92,103,114,0.1068,-2,3,1.005,True,
synth_949,16,15,13,63,52,60,68,0.1333,-3,2,1.0622,True,
synth_950,15,5,7,76,66,73,82,0.1233,-3,3,0.95,True,
synth_951,22,9,3,67,61,67,74,0.1045,0,2,1.0329,True,
synth_952,17,3,19,106,102,111,122,0.0991,5,4,0.895,True,
synth_953,29,8,24,103,99,105,112,0.0667,2,4,0.9464,True,
synth_954,13,6,9,74,68,75,81,0.08,1,2,1.0615,True,
synth_955,17,9,9,80,71,79,87,0.1013,-1,3,1.0719,True,
synth_956,15,5,13,97,78,92,105,0.1413,-5,3,1.1,True,
synth_957,21,6,5,52,52,57,65,0.1404,5,2,1.0969,True,
synth_958,12,3,6,64,61,67,74,0.1045,3,2,0.9942,True,
synth_959,14,9,13,99,84,97,106,0.0928,-2,4,0.964,True,
synth_960,13,15,14,152,132,145,156,0.0759,-7,5,1.0272,True,
synth_961,25,5,11,106,91,101,111,0.099,-5,3,1.0027,True,
synth_962,13,10,9,127,116,127,137,0.0787,0,4,0.9207,True,
synth_963,8,15,5,49,35,46,55,0.1957,-3,2,1.047,True,
synth_964,7,7,5,62,52,59,65,0.1017,-3,2,1.1152,True,
synth_965,16,15,4,52,46,53,61,0.1509,1,2,0.9661,True,
synth_966,20,13,21,111,97,109,118,0.0826,-2,4,1.0329,True,
synth_967,24,14,15,88,82,90,98,0.0889,2,3,0.9468,True,
synth_968,12,5,4,86,71,84,95,0.131,-2,3,1.0975,True,
synth_969,22,8,11,126,100,123,141,0.1463,-3,4,1.0528,True,
synth_970,13,12,10,64,52,60,69,0.15,-4,2,0.9392,True,
synth_971,27,7,16,100,85,96,106,0.1042,-4,3,1.0349,True,
synth_972,29,10,18,135,123,133,144,0.0827,-2,4,1.0135,True,
synth_973,15,9,7,69,60,67,74,0.1045,-2,2,0.9565,True,
synth_974,21,3,5,85,79,85,89,0.0471,0,2,0.8692,True,
synth_975,6,12,4,61,51,60,67,0.1167,-1,3,0.9911,True,
synth_976,21,13,12,94,78,90,101,0.1222,-4,3,0.9679,True,
synth_977,9,7,5,44,40,44,49,0.1136,0,2,1.0439,True,
synth_978,20,11,17,115,106,113,119,0.0531,-2,4,1.1014,True,
synth_979,21,12,20,134,124,134,146,0.0896,0,5,0.979,True,
synth_980,11,11,4,66,59,66,72,0.0909,0,2,1.0603,True,
synth_981,26,7,9,67,64,70,76,0.0857,3,2,0.9625,True,
synth_982,11,14,4,72,69,75,85,0.1333,3,2,0.9704,True,
synth_983,17,12,12,90,75,87,96,0.1034,-3,4,1.0027,True,
synth_984,12,7,14,129,115,126,137,0.0873,-3,4,0.8414,True,
synth_985,9,13,10,155,138,155,174,0.1226,0,6,0.9583,True,
synth_986,17,10,13,92,77,87,98,0.1264,-5,4,0.9652,True,
synth_987,6,10,4,73,61,71,80,0.1268,-2,3,0.9849,True,
synth_988,6,9,8,76,63,72,80,0.1111,-4,3,0.9958,True,
synth_989,15,10,11,105,85,99,110,0.1111,-6,3,0.9455,True,
synth_990,13,14,10,63,57,64,71,0.1094,1,3,1.0193,True,
synth_991,9,6,8,100,79,93,107,0.1505,-7,4,0.9885,True,
synth_992,29,7,13,85,77,85,92,0.0824,0,3,1.0326,True,
synth_993,19,12,16,105,94,103,112,0.0874,-2,5,0.9976,True,
synth_994,17,8,17,148,122,140,156,0.1143,-8,6,1.069,True,
synth_995,20,12,13,97,82,93,102,0.0968,-4,4,0.9827,True,
synth_996,22,11,20,105,97,107,117,0.0935,2,4,1.0168,True,
synth_997,9,15,7,64,59,67,77,0.1493,3,3,0.9419,True,
synth_998,22,6,9,149,135,148,163,0.1014,-1,5,1.1492,True,
synth_999,14,5,4,71,66,72,77,0.0694,1,2,0.9147,True,
synth_1000,10,14,12,74,60,70,82,0.1714,-4,3,1.0507,True,
synth_1001,25,9,8,69,64,70,77,0.1,1,2,0.9454,True,
synth_1002,15,4,9,117,107,116,124,0.069,-1,4,1.0075,True,
synth_1003,30,6,30,130,107,123,138,0.122,-7,4,0.9065,True,
synth_1004,14,12,13,85,76,83,90,0.0843,-2,4,0.9894,True,
synth_1005,17,13,10,86,78,86,94,0.093,0,4,0.9674,True,
synth_1006,26,7,5,51,51,54,59,0.0926,3,2,0.974,True,
synth_1007,24,9,14,77,71,81,93,0.1481,4,4,1.0244,True,
synth_1008,29,11,5,78,58,70,83,0.1857,-8,3,1.0591,True,
synth_1009,15,7,6,95,78,90,100,0.1111,-5,3,1.0457,True,
synth_1010,19,14,12,79,72,79,88,0.1139,0,3,1.0679,True,
synth_1011,5,9,3,73,69,74,80,0.0811,1,2,1.0249,True,
synth_1012,6,6,7,114,96,112,130,0.1607,-2,4,0.8869,True,
synth_1013,17,13,21,100,91,102,113,0.1078,2,3,1.0367,True,
synth_1014,12,6,4,88,66,79,92,0.1646,-9,4,1.0683,True,
synth_1015,30,9,5,93,86,96,107,0.1146,3,3,0.9302,True,
synth_1016,29,14,10,91,86,91,97,0.0659,0,4,1.0343,True,
synth_1017,25,3,11,88,82,91,99,0.0879,3,3,0.905,True,
synth_1018,23,10,8,72,65,70,75,0.0714,-2,2,1.0564,True,
synth_1019,21,13,5,64,54,59,68,0.1525,-5,3,1.0487,True,
synth_1020,27,11,8,64,61,67,77,0.1493,3,2,1.0616,True,
synth_1021,5,12,3,77,61,73,84,0.1507,-4,3,0.9667,True,
synth_1022,6,5,3,74,66,72,77,0.0694,-2,2,0.9858,True,
synth_1023,17,15,10,121,115,124,134,0.0806,3,5,1.0261,True,
synth_1024,14,11,14,86,69,81,90,0.1111,-5,4,1.1532,True,
synth_1025,24,7,12,104,91,100,110,0.1,-4,3,1.0287,True,
synth_1026,5,11,5,121,112,122,134,0.0984,1,4,1.0364,True,
synth_1027,16,5,6,75,62,70,78,0.1143,-5,2,1.0485,True,
synth_1028,5,15,4,67,55,64,72,0.125,-3,3,0.9568,True,
synth_1029,29,8,21,121,116,124,133,0.0726,3,4,1.0124,True,
synth_1030,17,9,12,150,129,146,163,0.1164,-4,5,1.0419,True,
synth_1031,24,4,3,75,62,79,97,0.2278,4,3,1.0296,True,
synth_1032,18,6,15,118,91,107,120,0.1215,-11,4,1.105,True,
synth_1033,29,9,4,58,44,56,66,0.1786,-2,2,1.0316,True,
synth_1034,13,14,13,82,67,76,84,0.1053,-6,4,0.9657,True,
synth_1035,29,4,22,118,109,119,133,0.1176,1,4,1.0315,True,
synth_1036,8,13,3,63,57,63,69,0.0952,0,2,0.9539,True,
synth_1037,24,15,13,72,61,71,80,0.1268,-1,3,1.0214,True,
synth_1038,29,13,6,69,60,65,74,0.1385,-4,2,0.9142,True,
synth_1039,24,15,26,103,93,102,110,0.0784,-1,4,0.9651,True,
synth_1040,23,5,4,61,57,62,67,0.0806,1,2,1.002,True,
synth_1041,27,3,10,106,90,102,112,0.098,-4,3,0.9647,True,
synth_1042,14,10,3,56,48,58,67,0.1552,2,2,1.0248,True,
synth_1043,11,14,10,88,82,86,90,0.0465,-2,3,1.0282,True,
synth_1044,22,9,14,62,59,64,70,0.0938,2,2,0.9242,True,
synth_1045,21,7,10,82,68,78,87,0.1154,-4,3,1.0968,True,
synth_1046,27,10,32,114,98,109,122,0.1193,-5,4,0.926,True,
synth_1047,29,14,16,62,62,68,76,0.1176,6,3,1.0476,True,
synth_1048,23,3,7,95,81,93,103,0.1075,-2,3,1.1425,True,
synth_1049,10,5,5,67,62,68,75,0.1029,1,2,0.9648,True,
synth_1050,18,6,8,92,82,91,99,0.0879,-1,3,0.9833,True,
synth_1051,20,11,15,125,108,122,135,0.1066,-3,4,0.9577,True,
synth_1052,25,10,8,67,64,70,77,0.1,3,3,1.0112,True,
synth_1053,19,5,13,109,100,108,115,0.0648,-1,4,1.0383,True,
synth_1054,17,13,19,127,111,120,129,0.075,-7,4,0.929,True,
synth_1055,16,6,12,98,91,99,109,0.101,1,3,1.0292,True,
synth_1056,19,3,7,98,96,102,108,0.0588,4,3,1.0783,True,
synth_1057,20,5,27,182,166,178,190,0.0674,-4,6,1.0005,True,
synth_1058,7,10,7,72,61,70,80,0.1429,-2,3,0.9904,True,
synth_1059,16,10,6,71,66,71,75,0.0563,0,2,1.0829,True,
synth_1060,28,12,7,65,61,65,70,0.0769,0,2,0.9957,True,
synth_1061,19,10,5,69,63,68,72,0.0588,-1,2,0.987,True,
synth_1062,24,4,25,127,125,137,152,0.1095,10,4,0.9035,True,
synth_1063,23,9,10,65,61,67,74,0.1045,2,2,1.0068,True,
synth_1064,30,6,3,68,65,71,77,0.0845,3,2,0.9708,True,
synth_1065,19,6,15,121,112,122,130,0.0656,1,4,0.9572,True,
synth_1066,25,4,14,110,104,112,121,0.0804,2,3,1.0094,True,
synth_1067,25,7,22,160,150,161,172,0.0683,1,5,1.0068,True,
synth_1068,18,14,10,90,75,88,99,0.125,-2,4,0.9723,True,
synth_1069,26,14,12,75,71,79,90,0.1392,4,3,1.0545,True,
synth_1070,28,15,3,57,49,56,62,0.1071,-1,2,1.0467,True,
synth_1071,24,5,14,89,80,88,96,0.0909,-1,3,0.9553,True,
synth_1072,25,12,19,102,89,100,112,0.12,-2,4,0.9663,True,
synth_1073,15,15,13,100,88,100,113,0.13,0,4,0.9906,True,
synth_1074,10,14,3,62,51,61,71,0.1639,-1,2,1.0685,True,
synth_1075,18,8,19,115,102,114,125,0.0965,-1,4,0.958,True,
synth_1076,10,7,6,73,60,69,78,0.1304,-4,2,1.0808,True,
synth_1077,11,9,11,130,114,127,140,0.1024,-3,5,0.9531,True,
synth_1078,15,12,9,90,80,89,98,0.1011,-1,4,1.0678,True,
synth_1079,26,4,9,75,66,75,88,0.1733,0,3,1.0425,True,
synth_1080,16,13,7,61,59,66,74,0.1212,5,2,0.932,True,
synth_1081,25,9,11,92,76,86,96,0.1163,-6,3,1.0812,True,
synth_1082,11,4,10,96,86,94,100,0.0638,-2,3,1.0383,True,
synth_1083,23,13,16,172,149,166,180,0.0843,-6,5,0.9933,True,
synth_1084,7,15,4,66,60,66,73,0.1061,0,2,1.0526,True,
synth_1085,10,4,4,89,73,84,96,0.1429,-5,3,0.96,True,
synth_1086,17,7,14,94,93,102,116,0.1373,8,4,1.0374,True,
synth_1087,13,8,12,111,99,107,114,0.0654,-4,4,0.9083,True,
synth_1088,19,14,19,103,85,99,109,0.101,-4,4,0.954,True,
synth_1089,10,7,5,97,81,92,103,0.1196,-5,4,1.0382,True,
synth_1090,5,10,3,52,42,52,59,0.1346,0,2,1.0322,True,
synth_1091,10,15,4,56,52,55,58,0.0545,-1,2,1.0059,True,
synth_1092,9,8,6,72,70,77,86,0.1169,5,3,0.967,True,
synth_1093,15,11,8,91,76,87,95,0.092,-4,4,1.0402,True,
synth_1094,13,11,3,61,45,57,65,0.1404,-4,2,1.0038,True,
synth_1095,16,14,3,70,55,66,75,0.1364,-4,2,1.0045,True,
synth_1096,25,12,18,123,114,125,136,0.088,2,6,0.9583,True,
synth_1097,9,9,9,114,103,116,127,0.0948,2,4,1.1274,True,
synth_1098,7,4,4,55,43,54,61,0.1296,-1,2,0.9712,True,
synth_1099,12,7,7,134,113,130,142,0.0923,-4,4,1.046,True,
synth_1100,28,3,5,81,72,81,87,0.0741,0,2,0.8517,True,
synth_1101,24,6,17,96,88,97,107,0.1031,1,4,1.0592,True,
synth_1102,12,6,3,62,53,63,72,0.1429,1,2,1.0346,True,
synth_1103,5,6,3,77,69,75,79,0.0533,-2,3,1.0417,True,
synth_1104,6,4,6,125,102,118,131,0.1102,-7,4,0.9713,True,
synth_1105,29,7,12,93,83,92,100,0.087,-1,4,0.9861,True,
synth_1106,5,10,4,53,48,56,65,0.1607,3,3,0.9595,True,
synth_1107,16,15,13,98,92,101,109,0.0792,3,4,1.004,True,
synth_1108,8,12,7,103,97,105,113,0.0762,2,4,0.9952,True,
synth_1109,28,15,23,97,87,95,103,0.0842,-2,4,0.8821,True,
synth_1110,17,8,7,76,59,69,78,0.1304,-7,3,1.0141,True,
synth_1111,9,3,4,63,55,63,71,0.127,0,2,1.0933,True,
synth_1112,27,15,11,86,74,82,89,0.0854,-4,3,0.9692,True,
synth_1113,18,9,13,92,79,89,98,0.1011,-3,3,0.9904,True,
synth_1114,27,9,18,92,80,90,102,0.1333,-2,4,0.9131,True,
synth_1115,9,9,3,57,49,56,63,0.125,-1,2,0.9628,True,
synth_1116,18,11,4,81,68,81,91,0.1235,0,3,0.9804,True,
synth_1117,22,6,22,113,96,110,124,0.1273,-3,4,0.9975,True,
synth_1118,26,11,9,118,105,118,129,0.0932,0,4,0.9668,True,
synth_1119,22,13,10,66,54,63,73,0.1587,-3,2,1.0487,True,
synth_1120,26,14,5,54,52,57,66,0.1579,3,2,1.0104,True,
synth_1121,27,5,19,164,143,158,174,0.1013,-6,6,0.798,True,
synth_1122,22,5,23,151,145,152,161,0.0592,1,5,0.8365,True,
synth_1123,8,15,5,64,53,60,66,0.1,-4,2,1.0209,True,
synth_1124,26,6,5,79,70,76,82,0.0789,-3,2,0.9775,True,
synth_1125,15,14,15,86,84,91,98,0.0769,5,3,0.9574,True,
synth_1126,30,9,12,98,87,98,109,0.1122,0,3,1.0972,True,
synth_1127,28,15,22,107,103,110,117,0.0636,3,4,0.9944,True,
synth_1128,11,8,6,70,59,67,74,0.1045,-3,3,0.8927,True,
synth_1129,9,12,7,106,94,103,110,0.068,-3,4,0.9842,True,
synth_1130,6,7,5,121,99,112,124,0.1071,-9,4,0.98,True,
synth_1131,26,7,5,65,57,66,73,0.1061,1,2,0.9789,True,
synth_1132,15,12,10,104,84,97,108,0.1134,-7,3,0.948,True,
synth_1133,29,10,31,130,123,135,146,0.0815,5,5,1.0381,True,
synth_1134,7,5,8,90,78,86,94,0.093,-4,5,0.992,True,
synth_1135,21,15,9,91,77,88,97,0.1023,-3,4,0.9816,True,
synth_1136,20,13,18,63,59,65,71,0.0923,2,3,0.9925,True,
synth_1137,9,3,7,66,56,65,73,0.1231,-1,3,1.1983,True,
synth_1138,27,4,23,189,165,184,203,0.1033,-5,7,1.0133,True,
synth_1139,19,14,4,89,72,85,97,0.1412,-4,3,0.9549,True,
synth_1140,7,7,4,47,42,47,53,0.1277,0,2,0.8955,True,
synth_1141,11,14,8,135,122,132,142,0.0758,-3,5,0.9714,True,
synth_1142,15,10,10,83,77,83,90,0.0843,0,3,1.0456,True,
synth_1143,20,15,10,73,68,74,81,0.0946,1,4,1.0239,True,
synth_1144,16,8,10,68,63,71,80,0.1268,3,4,0.9211,True,
synth_1145,6,6,5,81,66,80,90,0.125,-1,3,1.0758,True,
synth_1146,22,13,17,134,104,120,137,0.1417,-14,4,0.9344,True,
synth_1147,22,3,4,62,58,64,72,0.125,2,3,0.9989,True,
synth_1148,23,9,6,106,96,104,110,0.0577,-2,3,1.0833,True,
synth_1149,27,7,13,98,77,92,106,0.1522,-6,3,0.8944,True,
synth_1150,30,4,17,102,91,102,112,0.098,0,3,1.046,True,
synth_1151,21,4,4,59,54,61,69,0.1311,2,2,0.9769,True,
synth_1152,7,13,5,52,41,50,58,0.16,-2,2,1.0869,True,
synth_1153,9,15,4,52,42,50,58,0.16,-2,3,1.0158,True,
synth_1154,18,3,23,151,136,151,163,0.0795,0,4,0.8797,True,
synth_1155,14,14,7,69,64,72,84,0.1667,3,3,1.026,True,
synth_1156,14,3,5,91,82,90,100,0.1111,-1,3,1.0314,True,
synth_1157,6,8,5,71,66,74,84,0.1351,3,3,1.1206,True,
synth_1158,27,9,24,127,122,130,140,0.0769,3,5,1.0333,True,
synth_1159,29,8,22,87,77,86,96,0.1163,-1,3,1.0176,True,
synth_1160,5,12,3,70,56,66,75,0.1364,-4,2,0.9311,True,
synth_1161,10,6,8,88,71,85,101,0.1882,-3,3,1.1217,True,
synth_1162,20,7,7,58,56,63,71,0.127,5,2,0.9505,True,
synth_1163,14,13,3,63,61,67,74,0.1045,4,2,1.037,True,
synth_1164,25,12,11,77,67,74,86,0.1622,-3,3,0.9672,True,
synth_1165,19,12,3,92,80,89,97,0.0899,-3,3,0.9874,True,
synth_1166,27,15,19,117,98,112,124,0.1071,-5,4,1.0605,True,
synth_1167,26,6,35,160,148,160,173,0.0813,0,4,1.0044,True,
synth_1168,13,9,5,90,81,92,104,0.1304,2,3,0.9144,True,
synth_1169,8,9,7,90,74,87,98,0.1264,-3,4,0.9705,True,
synth_1170,19,14,13,68,61,70,83,0.1857,2,4,1.0813,True,
synth_1171,21,15,12,108,101,109,117,0.0734,1,4,1.0522,True,
synth_1172,9,8,3,61,56,60,63,0.05,-1,2,0.937,True,
synth_1173,14,3,12,158,144,159,172,0.0818,1,5,0.925,True,
synth_1174,30,11,19,118,106,115,122,0.0609,-3,4,0.9832,True,
synth_1175,26,4,18,155,143,158,176,0.1139,3,5,0.9354,True,
synth_1176,17,4,13,75,68,75,83,0.1067,0,3,1.0688,True,
synth_1177,21,6,22,133,119,136,156,0.1471,3,5,1.0042,True,
synth_1178,7,7,5,91,77,88,99,0.125,-3,3,1.0061,True,
synth_1179,7,13,5,74,56,68,79,0.1618,-6,2,0.9251,True,
synth_1180,12,7,7,118,101,116,130,0.1207,-2,4,1.034,True,
synth_1181,17,14,23,144,129,143,157,0.0979,-1,5,0.9592,True,
synth_1182,15,10,3,65,59,65,72,0.1077,0,2,0.971,True,
synth_1183,19,5,20,168,153,171,187,0.0936,3,6,1.085,True,
synth_1184,25,12,20,83,73,86,99,0.1512,3,4,1.0542,True,
synth_1185,23,4,19,136,127,136,143,0.0515,0,4,0.8371,True,
synth_1186,17,14,7,60,54,60,67,0.1167,0,3,1.0058,True,
synth_1187,8,13,4,62,55,64,72,0.125,2,2,1.0102,True,
synth_1188,21,5,4,105,91,102,111,0.0882,-3,3,0.8887,True,
synth_1189,17,12,12,120,101,115,126,0.0957,-5,5,0.954,True,
synth_1190,12,14,12,82,76,83,90,0.0843,1,3,1.0209,True,
synth_1191,8,5,4,68,64,72,86,0.1944,4,2,0.9595,True,
synth_1192,7,5,8,74,67,73,78,0.0685,-1,4,1.0022,True,
synth_1193,5,7,4,55,53,62,75,0.2097,7,3,1.021,True,
synth_1194,17,10,19,124,112,128,143,0.1172,4,5,1.0055,True,
synth_1195,28,3,8,93,78,88,97,0.1023,-5,3,1.0867,True,
synth_1196,26,15,16,91,84,93,102,0.0968,2,3,1.0462,True,
synth_1197,7,12,5,85,76,88,100,0.1364,3,3,1.0046,True,
synth_1198,12,9,12,142,121,135,148,0.0963,-7,5,0.9425,True,
synth_1199,14,11,4,54,45,52,57,0.0962,-2,2,0.9248,True,
synth_1200,9,7,12,102,91,99,107,0.0808,-3,4,1.0586,True,
synth_1201,27,6,23,140,133,143,152,0.0629,3,4,0.8894,True,
synth_1202,8,11,7,79,66,75,84,0.12,-4,2,1.038,True,
synth_1203,28,14,9,70,57,65,74,0.1385,-5,2,1.002,True,
synth_1204,17,13,9,79,71,79,89,0.1266,0,3,1.0358,True,
synth_1205,13,5,7,91,82,89,95,0.0674,-2,4,1.089,True,
synth_1206,21,10,11,74,67,73,79,0.0822,-1,3,1.0475,True,
synth_1207,20,13,5,64,57,63,70,0.1111,-1,3,0.9478,True,
synth_1208,7,6,3,65,60,67,74,0.1045,2,2,0.8921,True,
synth_1209,7,4,7,111,103,112,120,0.0714,1,4,0.9919,True,
synth_1210,14,5,15,113,105,115,127,0.1043,2,4,1.1793,True,
synth_1211,27,15,3,61,53,61,68,0.1148,0,2,0.9895,True,
synth_1212,23,7,16,111,88,101,114,0.1287,-10,4,1.0314,True,
synth_1213,9,14,7,101,87,97,105,0.0825,-4,3,1.039,True,
synth_1214,11,5,3,113,97,110,122,0.1091,-3,3,1.1745,True,
synth_1215,9,12,6,101,84,97,108,0.1134,-4,3,0.9617,True,
synth_1216,8,10,5,63,53,61,69,0.1311,-2,3,1.0065,True,
synth_1217,29,13,12,103,88,98,105,0.0714,-5,3,1.0079,True,
synth_1218,17,5,21,152,135,148,162,0.0946,-4,5,1.0485,True,
synth_1219,12,5,7,79,66,75,84,0.12,-4,3,0.9182,True,
synth_1220,14,11,13,106,96,102,111,0.0882,-4,4,0.952,True,
synth_1221,18,9,18,163,147,159,170,0.0692,-4,5,1.0044,True,
synth_1222,7,12,7,101,92,99,106,0.0707,-2,3,1.0483,True,
synth_1223,17,3,10,92,81,90,99,0.1,-2,3,0.9558,True,
synth_1224,21,14,21,176,163,173,185,0.0694,-3,7,0.9608,True,
synth_1225,5,4,4,64,55,66,77,0.1667,2,2,0.8525,True,
synth_1226,16,6,4,75,67,73,79,0.0822,-2,2,1.0993,True,
synth_1227,16,8,10,96,85,94,101,0.0745,-2,3,1.0526,True,
synth_1228,30,7,19,119,113,122,131,0.0738,3,4,0.9026,True,
synth_1229,17,12,23,161,128,146,163,0.1164,-15,5,1.0067,True,
synth_1230,16,9,7,88,77,89,99,0.1124,1,3,1.0563,True,
synth_1231,24,3,10,150,125,140,152,0.0857,-10,4,0.7789,True,
synth_1232,30,3,14,164,150,163,175,0.0736,-1,5,0.915,True,
synth_1233,21,15,5,79,63,74,87,0.1757,-5,4,0.9503,True,
synth_1234,7,10,6,50,46,51,56,0.098,1,3,0.9756,True,
synth_1235,5,5,4,79,67,79,90,0.1392,0,3,0.8833,True,
synth_1236,17,11,11,116,107,114,121,0.0614,-2,4,0.9692,True,
synth_1237,30,7,6,68,60,68,75,0.1029,0,2,0.9299,True,
synth_1238,18,7,17,98,83,96,110,0.1458,-2,4,1.1095,True,
synth_1239,5,8,6,115,97,110,122,0.1091,-5,4,0.989,True,
synth_1240,6,10,4,82,68,79,87,0.1013,-3,3,1.0682,True,
synth_1241,18,8,3,47,43,49,57,0.1633,2,2,0.9857,True,
synth_1242,22,7,8,124,110,123,135,0.0976,-1,4,0.972,True,
synth_1243,14,7,5,100,90,101,112,0.1089,1,4,0.9639,True,
synth_1244,20,11,9,72,62,68,76,0.1176,-4,2,1.0218,True,
synth_1245,17,13,9,97,78,91,102,0.1209,-6,3,0.9904,True,
synth_1246,27,12,16,86,80,88,98,0.1136,2,3,1.0899,True,
synth_1247,11,13,10,110,100,111,121,0.0901,1,5,1.0742,True,
synth_1248,24,5,24,132,106,122,135,0.1066,-10,4,1.0563,True,
synth_1249,24,12,33,117,98,112,128,0.1429,-5,5,0.9814,True,
synth_1250,23,11,6,66,63,69,74,0.0725,3,2,1.0224,True,
synth_1251,21,6,6,64,55,62,69,0.1129,-2,3,0.9767,True,
synth_1252,15,8,13,96,92,102,113,0.1078,6,4,0.9855,True,
synth_1253,21,11,6,65,59,65,74,0.1385,0,2,1.0509,True,
synth_1254,25,8,22,133,116,131,145,0.1069,-2,4,1.0124,True,
synth_1255,12,13,14,128,126,134,143,0.0672,6,6,0.9348,True,
synth_1256,30,14,17,97,87,98,107,0.0918,1,3,1.049,True,
synth_1257,10,6,5,51,45,52,57,0.0962,1,3,1.0403,True,
synth_1258,9,12,6,70,62,70,79,0.1286,0,3,0.9772,True,
synth_1259,17,8,16,97,91,104,121,0.1635,7,4,1.047,True,
synth_1260,23,15,6,56,50,60,69,0.15,4,2,0.9991,True,
synth_1261,10,9,9,89,72,82,91,0.1098,-7,4,1.009,True,
synth_1262,28,15,15,158,136,151,164,0.0861,-7,5,1.056,True,
synth_1263,8,15,3,61,43,55,67,0.2182,-6,2,1.0004,True,
synth_1264,22,4,16,115,106,114,123,0.0789,-1,4,0.8833,True,
synth_1265,5,10,4,120,93,109,122,0.1193,-11,4,0.9995,True,
synth_1266,26,12,7,65,62,67,73,0.0896,2,2,0.9867,True,
synth_1267,7,9,4,48,42,48,52,0.0833,0,2,1.0056,True,
synth_1268,8,5,4,85,78,84,91,0.0833,-1,3,1.0235,True,
synth_1269,13,7,9,121,100,118,135,0.1441,-3,4,1.005,True,
synth_1270,25,12,8,59,57,63,70,0.1111,4,2,0.9388,True,
synth_1271,18,7,4,82,74,81,88,0.0864,-1,3,1.0604,True,
synth_1272,27,6,22,82,81,88,96,0.0909,6,4,1.0244,True,
synth_1273,15,6,4,62,53,61,69,0.1311,-1,2,1.0875,True,
synth_1274,21,6,13,74,68,74,79,0.0676,0,3,0.9944,True,
synth_1275,15,12,17,100,90,98,105,0.0714,-2,5,1.0068,True,
synth_1276,15,3,15,105,93,108,124,0.1481,3,4,1.09,True,
synth_1277,16,12,12,131,115,126,137,0.0873,-5,5,1.0733,True,
synth_1278,15,6,15,93,79,90,98,0.0889,-3,3,0.8982,True,
synth_1279,14,6,10,91,85,95,105,0.1053,4,3,1.0267,True,
synth_1280,23,14,8,97,80,93,105,0.129,-4,3,0.997,True,
synth_1281,15,10,17,129,115,128,141,0.1016,-1,5,1.012,True,
synth_1282,11,11,3,48,42,47,51,0.0851,-1,2,1.0739,True,
synth_1283,22,10,3,58,52,60,69,0.15,2,2,1.0361,True,
synth_1284,23,12,19,121,111,122,136,0.1148,1,4,1.0124,True,
synth_1285,26,10,20,98,84,93,103,0.1075,-5,3,1.0365,True,
synth_1286,7,11,4,70,64,70,76,0.0857,0,2,0.9457,True,
synth_1287,6,10,5,68,51,65,74,0.1385,-3,3,1.0182,True,
synth_1288,6,14,3,43,37,42,47,0.119,-1,2,0.993,True,
synth_1289,13,10,8,88,78,86,93,0.0814,-2,3,1.003,True,
synth_1290,5,3,3,60,49,57,65,0.1404,-3,2,0.7761,True,
synth_1291,15,14,5,63,53,61,69,0.1311,-2,2,0.942,True,
synth_1292,5,8,3,65,54,61,67,0.0984,-4,3,1.0341,True,
synth_1293,10,12,5,70,59,66,72,0.0909,-4,3,0.9932,True,
synth_1294,19,15,5,65,58,64,69,0.0781,-1,2,0.9614,True,
synth_1295,29,8,18,70,68,72,76,0.0556,2,2,0.9774,True,
synth_1296,29,3,14,140,127,138,150,0.087,-2,4,0.9708,True,
synth_1297,15,3,8,103,86,99,111,0.1212,-4,3,1.0117,True,
synth_1298,12,5,11,80,73,79,84,0.0633,-1,3,0.8632,True,
synth_1299,17,10,6,68,60,66,72,0.0909,-2,2,0.9596,True,
synth_1300,11,5,9,99,88,98,108,0.102,-1,4,1.0402,True,
synth_1301,8,4,7,108,94,104,116,0.1154,-4,3,1.0325,True,
synth_1302,10,7,4,64,60,66,72,0.0909,2,3,0.977,True,
synth_1303,25,14,14,121,106,119,131,0.1008,-2,4,0.9201,True,
synth_1304,8,3,5,108,97,106,116,0.0943,-2,3,1.0778,True,
synth_1305,28,6,13,76,69,77,88,0.1429,1,3,0.9593,True,
synth_1306,8,12,6,116,100,110,118,0.0727,-6,4,0.9445,True,
synth_1307,24,9,3,72,59,70,77,0.1,-2,2,1.0784,True,
synth_1308,18,12,3,86,79,86,94,0.093,0,3,0.9665,True,
synth_1309,20,13,6,43,40,45,50,0.1111,2,2,0.9131,True,
synth_1310,28,8,22,110,101,115,131,0.1391,5,4,1.0303,True,
synth_1311,22,5,10,81,74,84,97,0.1548,3,3,1.0857,True,
synth_1312,10,14,4,56,49,57,66,0.1579,1,2,0.903,True,
synth_1313,20,3,20,137,114,131,146,0.1145,-6,4,1.0717,True,
synth_1314,26,12,19,103,97,108,121,0.1204,5,4,1.0335,True,
synth_1315,24,3,9,105,96,106,115,0.0849,1,3,1.0033,True,
synth_1316,16,3,14,99,98,112,127,0.1339,13,5,1.0108,True,
synth_1317,24,9,11,87,74,82,91,0.1098,-5,3,0.9279,True,
synth_1318,20,12,14,68,63,71,80,0.1268,3,3,0.9781,True,
synth_1319,13,9,11,74,62,70,77,0.1,-4,3,1.0156,True,
synth_1320,27,6,17,106,89,100,109,0.09,-6,3,0.9214,True,
synth_1321,27,3,20,184,167,187,207,0.107,3,6,0.9522,True,
synth_1322,18,11,7,82,73,84,95,0.131,2,3,0.8977,True,
synth_1323,15,12,12,73,69,74,81,0.0946,1,3,0.9979,True,
synth_1324,24,12,19,83,78,85,97,0.1412,2,3,1.0496,True,
synth_1325,28,10,7,111,99,106,112,0.0566,-5,3,1.0257,True,
synth_1326,22,7,11,102,77,93,105,0.129,-9,3,0.9664,True,
synth_1327,8,5,5,75,73,78,85,0.0897,3,3,0.9987,True,
synth_1328,30,7,9,88,77,88,96,0.0909,0,2,0.9763,True,
synth_1329,28,4,3,70,60,69,76,0.1014,-1,2,1.1267,True,
synth_1330,24,10,19,156,133,148,161,0.0878,-8,5,1.1088,True,
synth_1331,10,10,3,50,47,53,64,0.2075,3,2,0.9848,True,
synth_1332,6,11,3,84,65,79,90,0.1392,-5,3,0.9945,True,
synth_1333,6,4,7,126,112,126,139,0.1032,0,5,1.1125,True,
synth_1334,7,8,7,103,91,103,112,0.0874,0,4,1.0263,True,
synth_1335,30,4,28,160,152,163,174,0.0675,3,5,0.9546,True,
synth_1336,14,9,4,58,51,56,62,0.1071,-2,2,1.0151,True,
synth_1337,18,8,19,106,95,107,118,0.1028,1,4,1.0166,True,
synth_1338,22,10,4,66,55,64,70,0.0938,-2,2,0.8914,True,
synth_1339,19,3,5,77,68,75,81,0.08,-2,2,0.9142,True,
synth_1340,7,12,4,105,93,108,125,0.1574,3,4,0.9857,True,
synth_1341,10,8,7,93,75,91,106,0.1648,-2,4,0.9566,True,
synth_1342,24,7,16,71,70,77,87,0.1299,6,3,0.9619,True,
synth_1343,22,12,20,99,93,99,107,0.0808,0,3,1.0394,True,
synth_1344,15,5,5,101,78,93,105,0.129,-8,3,1.0227,True,
synth_1345,6,5,3,86,65,79,90,0.1392,-7,3,0.9875,True,
synth_1346,6,3,3,112,97,107,116,0.0841,-5,3,0.7858,True,
synth_1347,18,12,4,51,49,55,61,0.1091,4,2,1.0258,True,
synth_1348,19,9,4,69,59,67,76,0.1343,-2,2,1.029,True,
synth_1349,12,8,12,76,70,76,82,0.0789,0,4,0.9855,True,
synth_1350,19,9,5,67,58,65,73,0.1231,-2,2,1.0051,True,
synth_1351,23,9,7,114,100,109,117,0.0734,-5,4,0.9375,True,
synth_1352,17,11,7,84,71,82,92,0.122,-2,3,1.1236,True,
synth_1353,7,8,5,73,57,70,81,0.1571,-3,3,0.975,True,
synth_1354,8,15,9,98,84,94,103,0.0957,-4,3,0.9394,True,
synth_1355,13,13,7,78,68,76,82,0.0789,-2,3,0.98,True,
synth_1356,20,13,17,90,79,88,97,0.1023,-2,3,0.9726,True,
synth_1357,21,5,17,122,106,115,124,0.0783,-7,4,0.8803,True,
synth_1358,11,7,3,92,70,86,98,0.1395,-6,3,0.9525,True,
synth_1359,18,12,5,81,69,78,90,0.1538,-3,3,1.0171,True,
synth_1360,10,5,4,84,73,83,91,0.0964,-1,3,1.1363,True,
synth_1361,5,7,4,79,71,78,85,0.0897,-1,3,1.005,True,
synth_1362,23,13,9,81,72,80,88,0.1,-1,3,0.9907,True,
synth_1363,20,11,13,136,117,132,145,0.0985,-4,5,0.9487,True,
synth_1364,27,13,7,71,67,72,77,0.0694,1,2,1.0213,True,
synth_1365,20,15,3,62,55,60,64,0.0667,-2,2,0.9773,True,
synth_1366,11,11,7,95,89,96,104,0.0833,1,4,0.9902,True,
synth_1367,23,8,9,124,107,121,135,0.1157,-3,4,0.9733,True,
synth_1368,29,4,32,148,136,145,154,0.0621,-3,5,1.0871,True,
synth_1369,10,15,5,53,49,55,63,0.1455,2,2,1.0303,True,
synth_1370,15,8,10,75,71,78,92,0.1795,3,3,0.9849,True,
synth_1371,17,9,11,87,81,97,116,0.1959,10,4,0.9964,True,
synth_1372,5,15,4,46,38,50,66,0.32,4,3,1.0186,True,
synth_1373,26,15,7,88,78,85,90,0.0588,-3,3,0.9595,True,
synth_1374,14,12,14,84,74,82,89,0.0854,-2,4,1.0722,True,
synth_1375,5,8,3,68,61,66,70,0.0606,-2,2,1.0935,True,
synth_1376,21,14,15,115,99,111,121,0.0901,-4,4,1.0214,True,
synth_1377,23,3,10,95,80,92,104,0.1304,-3,2,1.0217,True,
synth_1378,20,7,10,85,80,88,95,0.0795,3,3,0.9624,True,
synth_1379,29,3,11,93,85,93,100,0.0753,0,3,1.175,True,
synth_1380,16,8,7,72,65,71,76,0.0704,-1,2,0.9502,True,
synth_1381,19,10,3,80,68,76,83,0.0921,-4,3,1.1111,True,
synth_1382,19,4,3,73,62,71,78,0.0986,-2,2,1.0433,True,
synth_1383,13,8,3,36,33,38,45,0.1842,2,2,0.9348,True,
synth_1384,24,3,12,125,113,127,141,0.1102,2,4,1.0617,True,
synth_1385,21,7,3,68,57,67,75,0.1194,-1,3,0.937,True,
synth_1386,13,15,8,73,67,73,79,0.0822,0,2,0.9375,True,
synth_1387,5,8,5,76,60,72,84,0.1667,-4,3,1.0402,True,
synth_1388,14,11,10,133,121,131,140,0.0687,-2,4,1.0845,True,
synth_1389,15,12,6,52,50,57,67,0.1754,5,2,0.9164,True,
synth_1390,5,10,3,66,58,66,73,0.1061,0,3,1.035,True,
synth_1391,9,6,11,144,116,133,149,0.1203,-11,5,1.1942,True,
synth_1392,24,5,3,74,63,73,81,0.1096,-1,2,0.987,True,
synth_1393,18,12,8,61,53,60,68,0.1333,-1,3,0.9119,True,
synth_1394,24,12,13,65,61,68,76,0.1176,3,2,1.0276,True,
synth_1395,13,3,11,119,104,115,124,0.0783,-4,4,0.9078,True,
synth_1396,6,4,4,44,39,48,61,0.2708,4,2,1.06,True,
synth_1397,19,7,5,58,55,61,70,0.1475,3,2,1.074,True,
synth_1398,19,9,16,100,89,99,111,0.1212,-1,4,0.9712,True,
synth_1399,25,8,18,136,120,133,147,0.1053,-3,4,0.9976,True,
synth_1400,29,4,14,93,86,94,101,0.0745,1,3,1.0375,True,
synth_1401,21,12,4,63,56,65,76,0.1692,2,2,0.9223,True,
synth_1402,26,9,14,128,114,124,133,0.0726,-4,4,0.9937,True,
synth_1403,24,3,19,118,107,117,127,0.0855,-1,3,1.2528,True,
synth_1404,28,3,8,160,145,157,170,0.0828,-3,5,0.8697,True,
synth_1405,17,6,5,98,80,96,109,0.1354,-2,3,0.9956,True,
synth_1406,28,8,21,118,105,120,140,0.1667,2,4,1.0609,True,
synth_1407,21,7,20,113,91,107,124,0.1589,-6,4,0.9726,True,
synth_1408,19,14,11,80,76,83,93,0.1205,3,3,1.0268,True,
synth_1409,25,13,11,97,81,93,106,0.1398,-4,5,0.9603,True,
synth_1410,13,11,15,111,103,111,119,0.0721,0,4,0.9588,True,
synth_1411,12,8,7,95,94,101,110,0.0891,6,4,1.0352,True,
synth_1412,7,9,4,67,60,66,73,0.1061,-1,3,0.9149,True,
synth_1413,16,13,3,58,56,60,63,0.05,2,3,0.9996,True,
synth_1414,21,7,9,71,61,69,75,0.087,-2,2,1.159,True,
synth_1415,8,12,6,104,97,112,129,0.1518,8,4,1.0147,True,
synth_1416,23,15,9,111,102,115,129,0.1217,4,4,1.0748,True,
synth_1417,30,3,28,157,147,158,168,0.0633,1,5,1.0325,True,
synth_1418,28,8,14,68,64,70,75,0.0714,2,3,1.0298,True,
synth_1419,15,4,14,64,62,69,76,0.1014,5,3,1.0248,True,
synth_1420,27,5,17,131,120,131,142,0.084,0,4,0.9908,True,
synth_1421,13,11,9,67,62,68,74,0.0882,1,3,0.9912,True,
synth_1422,14,14,8,109,96,108,121,0.1204,-1,4,1.006,True,
synth_1423,27,5,3,62,59,63,66,0.0476,1,2,1.0838,True,
synth_1424,19,7,13,93,79,88,98,0.1136,-5,3,1.0355,True,
synth_1425,13,9,10,77,62,73,82,0.1233,-4,2,1.1307,True,
synth_1426,23,7,30,169,144,158,170,0.0759,-11,6,1.0245,True,
synth_1427,8,3,7,85,76,84,93,0.1071,-1,4,1.055,True,
synth_1428,26,5,18,146,143,152,164,0.0789,6,5,1.0803,True,
synth_1429,28,6,30,127,109,127,144,0.1339,0,4,1.1106,True,
synth_1430,27,8,12,113,96,112,126,0.125,-1,4,0.9856,True,
synth_1431,8,5,4,66,53,62,71,0.1452,-4,2,1.0088,True,
synth_1432,17,13,14,85,82,88,97,0.1023,3,5,1.001,True,
synth_1433,27,7,22,157,140,155,170,0.0968,-2,6,1.0455,True,
synth_1434,24,4,6,126,107,120,131,0.0917,-6,4,1.0181,True,
synth_1435,13,5,6,60,57,64,71,0.1094,4,2,1.0135,True,
synth_1436,8,9,3,64,56,64,72,0.125,0,3,1.0374,True,
synth_1437,8,10,5,153,131,146,160,0.0959,-7,5,0.9858,True,
synth_1438,7,14,3,84,74,82,90,0.0976,-2,3,0.9528,True,
synth_1439,5,12,3,54,52,57,66,0.1579,3,2,1.0445,True,
synth_1440,10,7,3,43,40,43,49,0.1395,0,2,0.9302,True,
synth_1441,13,13,8,92,77,87,96,0.1034,-5,3,1.0046,True,
synth_1442,28,9,10,85,73,83,95,0.1446,-2,3,0.9409,True,
synth_1443,19,5,9,110,97,107,117,0.0935,-3,3,1.0897,True,
synth_1444,8,14,10,88,78,85,92,0.0824,-3,3,0.9466,True,
synth_1445,13,9,9,110,93,103,112,0.0874,-7,4,0.98,True,
synth_1446,21,8,23,117,106,118,130,0.1017,1,3,0.9509,True,
synth_1447,6,7,4,51,42,49,54,0.102,-2,3,1.1173,True,
synth_1448,24,11,8,84,74,82,90,0.0976,-2,3,0.9701,True,
synth_1449,6,14,4,93,83,91,99,0.0879,-2,3,1.0182,True,
synth_1450,12,13,15,84,71,80,89,0.1125,-4,4,1.0303,True,
synth_1451,19,15,7,63,58,64,73,0.1406,1,2,0.9963,True,
synth_1452,22,9,15,135,125,133,141,0.0602,-2,4,0.9445,True,
synth_1453,6,3,6,94,77,92,107,0.163,-2,3,0.9494,True,
synth_1454,26,12,14,104,86,100,112,0.12,-4,3,1.0768,True,
synth_1455,12,9,7,84,76,84,93,0.1071,0,3,0.8893,True,
synth_1456,15,15,11,87,79,87,94,0.0805,0,3,0.9836,True,
synth_1457,20,10,28,116,109,116,124,0.069,0,5,0.9857,True,
synth_1458,13,15,10,88,74,86,96,0.1163,-2,4,1.0648,True,
synth_1459,16,11,10,96,72,86,100,0.1628,-10,3,0.959,True,
synth_1460,7,13,5,63,51,59,66,0.1186,-4,3,0.9952,True,
synth_1461,8,4,6,87,77,85,92,0.0824,-2,3,0.9992,True,
synth_1462,26,11,7,66,56,63,69,0.0952,-3,2,0.926,True,
synth_1463,26,13,17,173,162,172,181,0.0523,-1,5,0.9899,True,
synth_1464,11,4,7,85,66,80,92,0.15,-5,3,0.9954,True,
synth_1465,11,11,6,84,75,84,93,0.1071,0,3,0.918,True,
synth_1466,23,9,15,87,82,88,93,0.0568,1,4,0.985,True,
synth_1467,11,9,4,45,42,46,52,0.1304,1,3,0.9439,True,
synth_1468,18,11,11,91,84,93,102,0.0968,2,3,1.0083,True,
synth_1469,18,8,12,147,133,145,159,0.0966,-2,6,0.9533,True,
synth_1470,27,12,15,96,87,94,102,0.0851,-2,3,0.9785,True,
synth_1471,9,10,4,57,49,58,67,0.1552,1,2,1.0081,True,
synth_1472,30,4,7,87,67,81,98,0.2099,-6,2,1.1781,True,
synth_1473,19,7,12,127,121,130,138,0.0615,3,4,0.914,True,
synth_1474,28,6,6,124,97,114,128,0.1228,-10,3,0.9771,True,
synth_1475,15,8,12,81,77,85,94,0.1059,4,3,0.9637,True,
synth_1476,22,12,9,95,84,93,104,0.1183,-2,3,0.9798,True,
synth_1477,23,3,15,154,133,147,160,0.0884,-7,5,1.1133,True,
synth_1478,9,6,10,117,103,112,120,0.0714,-5,3,1.0747,True,
synth_1479,25,5,7,72,59,67,76,0.1343,-5,2,0.9955,True,
synth_1480,14,3,10,93,82,90,96,0.0667,-3,3,1.0753,True,
synth_1481,22,4,8,127,110,122,134,0.0984,-5,4,1.0837,True,
synth_1482,26,13,4,58,49,57,65,0.1404,-1,2,1.0083,True,
synth_1483,30,12,15,81,74,85,97,0.1412,4,3,0.9663,True,
synth_1484,23,13,20,101,94,106,118,0.1132,5,6,1.0126,True,
synth_1485,27,12,29,129,123,133,142,0.0677,4,5,1.0685,True,
synth_1486,5,7,5,100,90,100,108,0.08,0,4,1.0129,True,
synth_1487,23,8,6,70,63,69,76,0.1014,-1,2,0.9812,True,
synth_1488,26,5,18,146,129,145,160,0.1034,-1,4,0.9332,True,
synth_1489,11,15,3,61,57,61,67,0.0984,0,2,1.119,True,
synth_1490,28,15,14,137,116,130,141,0.0846,-7,5,1.0622,True,
synth_1491,23,8,17,128,119,133,148,0.1128,5,5,0.9477,True,
synth_1492,17,6,4,57,50,56,64,0.1429,-1,3,0.9901,True,
synth_1493,10,11,8,84,71,78,86,0.1026,-6,3,1.0727,True,
synth_1494,23,3,7,84,72,89,106,0.191,5,3,1.0589,True,
synth_1495,18,3,3,66,57,67,76,0.1343,1,2,0.9617,True,
synth_1496,29,4,10,100,85,95,107,0.1263,-5,5,1.0413,True,
synth_1497,26,14,7,77,71,77,86,0.1169,0,2,1.0507,True,
synth_1498,17,5,18,128,111,121,131,0.0826,-7,4,1.109,True,
synth_1499,14,8,4,67,59,68,77,0.1324,1,2,1.1303,True,
synth_1500,27,15,22,124,118,126,136,0.0794,2,5,1.0683,True,
synth_1501,14,12,5,88,67,83,99,0.1928,-5,3,1.0797,True,
synth_1502,13,11,6,72,71,76,85,0.1184,4,3,1.0458,True,
synth_1503,22,4,28,108,89,102,115,0.1275,-6,3,0.9065,True,
synth_1504,18,13,3,66,61,66,71,0.0758,0,2,0.9555,True,
synth_1505,22,13,4,61,58,64,73,0.1406,3,2,1.0212,True,
synth_1506,30,13,35,178,166,180,195,0.0833,2,7,0.9677,True,
synth_1507,7,6,5,57,48,57,64,0.1228,0,3,0.8803,True,
synth_1508,14,4,7,71,63,75,92,0.2267,4,3,1.1113,True,
synth_1509,28,13,18,98,85,96,107,0.1146,-2,4,1.053,True,
synth_1510,17,12,13,116,91,107,120,0.1215,-9,5,0.9719,True,
synth_1511,9,15,9,90,77,88,98,0.1136,-2,3,0.9364,True,
synth_1512,21,11,9,71,67,72,79,0.0972,1,3,1.0117,True,
synth_1513,9,15,8,83,75,83,89,0.0723,0,3,1.0161,True,
synth_1514,8,14,5,54,49,61,77,0.2623,7,3,1.0262,True,
synth_1515,25,12,10,137,110,130,148,0.1385,-7,4,0.9614,True,
synth_1516,22,14,6,71,63,72,83,0.1528,1,3,1.0011,True,
synth_1517,18,4,9,73,68,74,81,0.0946,1,3,1.0796,True,
synth_1518,11,3,10,111,101,111,122,0.0991,0,3,0.9956,True,
synth_1519,28,10,5,44,41,46,54,0.1739,2,2,1.0695,True,
synth_1520,28,3,19,158,143,156,167,0.0705,-2,5,1.04,True,
synth_1521,23,3,22,108,100,109,117,0.0734,1,3,0.9375,True,
synth_1522,29,15,21,106,90,101,113,0.1188,-5,4,0.9353,True,
synth_1523,19,11,6,60,51,58,64,0.1034,-2,2,1.122,True,
synth_1524,20,11,6,70,64,69,73,0.058,-1,2,1.0802,True,
synth_1525,23,4,10,105,94,105,117,0.1143,0,4,0.9535,True,
synth_1526,24,4,28,155,142,159,177,0.1132,4,6,1.0769,True,
synth_1527,29,10,25,115,101,113,125,0.1062,-2,4,1.0379,True,
synth_1528,6,7,7,169,151,165,178,0.0788,-4,5,1.0525,True,
synth_1529,29,12,6,71,64,69,74,0.0725,-2,2,1.0644,True,
synth_1530,6,4,4,58,56,59,63,0.0678,1,2,1.0188,True,
synth_1531,8,6,8,95,79,92,106,0.1522,-3,5,1.0972,True,
synth_1532,24,8,13,111,104,116,131,0.1293,5,4,0.9794,True,
synth_1533,17,8,10,69,63,73,85,0.1644,4,3,1.0801,True,
synth_1534,6,9,4,69,55,65,74,0.1385,-4,3,0.8661,True,
synth_1535,26,8,4,78,65,73,83,0.137,-5,2,0.9597,True,
synth_1536,20,7,13,138,130,139,147,0.0576,1,4,0.9554,True,
synth_1537,28,9,17,99,86,95,102,0.0737,-4,3,0.9436,True,
synth_1538,11,5,5,64,56,64,73,0.1406,0,2,0.9022,True,
synth_1539,7,9,4,65,60,65,70,0.0769,0,4,1.0145,True,
synth_1540,16,11,3,73,67,73,78,0.0685,0,2,1.1042,True,
synth_1541,28,15,11,69,63,70,77,0.1,1,3,1.0511,True,
synth_1542,29,12,8,82,64,76,91,0.1974,-6,2,0.9624,True,
synth_1543,29,7,3,40,40,43,48,0.1163,3,2,1.0593,True,
synth_1544,7,14,5,73,64,71,78,0.0986,-2,2,1.0304,True,
synth_1545,27,7,12,72,67,74,82,0.1081,2,3,0.9954,True,
synth_1546,23,10,13,117,97,109,121,0.1101,-8,4,1.0077,True,
synth_1547,15,3,12,74,69,74,81,0.0946,0,2,0.8833,True,
synth_1548,9,10,5,55,49,58,68,0.1724,3,2,0.9887,True,
synth_1549,21,3,3,60,58,64,71,0.1094,4,2,0.9911,True,
synth_1550,17,5,5,72,67,72,80,0.1111,0,2,0.9023,True,
synth_1551,24,9,14,72,61,69,78,0.1304,-3,3,1.0065,True,
synth_1552,11,11,11,79,72,80,87,0.0875,1,3,1.0382,True,
synth_1553,17,15,8,70,61,68,77,0.1324,-2,2,0.9761,True,
synth_1554,28,10,13,108,93,103,113,0.0971,-5,3,0.8849,True,
synth_1555,9,12,6,70,66,70,75,0.0714,0,2,0.9921,True,
synth_1556,6,15,4,67,56,65,73,0.1231,-2,2,0.9728,True,
synth_1557,19,3,5,76,68,74,81,0.0946,-2,2,0.88,True,
synth_1558,12,12,3,58,57,59,63,0.0678,1,2,1.0356,True,
synth_1559,17,8,6,83,72,80,86,0.075,-3,3,1.0019,True,
synth_1560,21,13,8,59,52,61,67,0.0984,2,3,0.955,True,
synth_1561,11,6,6,106,93,102,111,0.0882,-4,3,1.0239,True,
synth_1562,13,12,8,98,90,100,109,0.09,2,4,0.9772,True,
synth_1563,22,7,7,79,74,82,91,0.1098,3,3,0.9676,True,
synth_1564,17,5,7,73,61,71,80,0.1268,-2,2,1.0115,True,
synth_1565,30,13,28,142,131,140,148,0.0571,-2,5,1.0366,True,
synth_1566,27,11,21,86,80,87,95,0.092,1,3,1.0387,True,
synth_1567,17,10,11,99,95,100,107,0.07,1,3,0.9562,True,
synth_1568,27,14,14,101,91,100,109,0.09,-1,3,0.9632,True,
synth_1569,13,12,13,122,107,120,133,0.1083,-2,5,0.955,True,
synth_1570,7,5,4,72,66,72,78,0.0833,0,2,1.0008,True,
synth_1571,25,12,18,112,99,112,125,0.1161,0,4,1.0378,True,
synth_1572,26,10,24,107,84,97,109,0.1237,-10,3,1.068,True,
synth_1573,21,12,13,82,73,81,89,0.0988,-1,3,1.0533,True,
synth_1574,25,3,7,89,68,83,95,0.1446,-6,3,1.2172,True,
synth_1575,9,11,3,64,58,66,73,0.1061,2,2,1.0578,True,
synth_1576,13,9,8,100,87,97,105,0.0825,-3,3,1.0469,True,
synth_1577,29,4,18,187,165,180,195,0.0833,-7,6,1.0419,True,
synth_1578,14,3,7,119,105,118,131,0.1102,-1,3,1.0422,True,
synth_1579,6,12,3,72,62,69,75,0.087,-3,2,1.0096,True,
synth_1580,8,3,6,66,60,67,78,0.1642,1,3,1.0392,True,
synth_1581,26,12,16,102,92,103,112,0.0874,1,3,1.055,True,
synth_1582,25,3,6,97,79,92,107,0.163,-5,4,0.925,True,
synth_1583,16,15,5,56,52,58,65,0.1207,2,2,0.9896,True,
synth_1584,12,8,7,74,59,69,78,0.1304,-5,2,1.0268,True,
synth_1585,20,14,16,78,67,75,83,0.1067,-3,3,0.9627,True,
synth_1586,16,14,4,94,75,88,99,0.125,-6,3,1.0404,True,
synth_1587,26,5,6,101,89,97,105,0.0825,-4,3,0.9247,True,
synth_1588,28,10,32,177,158,175,191,0.0914,-2,6,0.9698,True,
synth_1589,18,12,14,103,97,105,112,0.0667,2,3,0.9677,True,
synth_1590,7,6,5,86,72,86,98,0.1395,0,3,1.0513,True,
synth_1591,9,4,10,99,89,96,104,0.0833,-3,4,1.0817,True,
synth_1592,11,7,10,132,123,132,141,0.0682,0,5,0.9754,True,
synth_1593,27,14,32,104,93,105,118,0.1238,1,4,1.0686,True,
synth_1594,29,3,21,133,119,129,139,0.0775,-4,4,0.99,True,
synth_1595,6,14,5,110,94,106,117,0.1038,-4,4,0.9765,True,
synth_1596,19,5,13,113,104,113,126,0.115,0,4,0.8753,True,
synth_1597,18,15,7,111,97,112,130,0.1607,1,4,1.0021,True,
synth_1598,18,8,12,79,64,74,82,0.1081,-5,4,0.978,True,
synth_1599,11,4,5,68,61,68,73,0.0735,0,2,0.9208,True,
synth_1600,14,4,11,108,95,105,114,0.0857,-3,4,1.1394,True,
synth_1601,18,8,6,67,54,64,72,0.125,-3,2,0.9291,True,
synth_1602,12,9,9,87,77,87,98,0.1264,0,3,1.102,True,
synth_1603,6,12,8,105,87,103,120,0.165,-2,5,1.0229,True,
synth_1604,17,4,9,85,70,83,98,0.1807,-2,3,0.965,True,
synth_1605,15,5,7,83,71,83,96,0.1566,0,3,0.98,True,
synth_1606,7,12,4,60,51,59,67,0.1356,-1,2,0.9571,True,
synth_1607,8,4,7,81,75,80,84,0.05,-1,3,0.9706,True,
synth_1608,8,4,9,104,88,98,107,0.0918,-6,3,1.0675,True,
synth_1609,7,8,6,100,70,87,102,0.1724,-13,3,0.8116,True,
synth_1610,28,7,38,159,141,155,168,0.0839,-4,5,0.8782,True,
synth_1611,9,5,4,50,47,52,57,0.0962,2,3,1.1095,True,
